{"stats":{"minecraft:crafted":{"minecraft:oak_planks":28,"minecraft:furnace":4,"minecraft:stone_pickaxe":1,"sophisticatedbackpacks:iron_backpack":1,"minecraft:crafting_table":3,"minecraft:wooden_pickaxe":1,"sophisticatedbackpacks:gold_backpack":1,"minecraft:stone_axe":1,"minecraft:air":0,"minecraft:stick":24,"minecraft:iron_ingot":170,"minecraft:iron_pickaxe":1},"minecraft:used":{"minecraft:stone_sword":21,"create_dd:weathered_limestone":2,"minecraft:torch":18,"minecraft:dirt":28,"scalinghealth:heart_crystal":1,"minecraft:carrot":5,"minecraft:tuff":8,"minecraft:granite":7,"create_dd:gabbro":1,"minecraft:iron_axe":140,"soulslikeuniverse:greedsword":2,"minecraft:iron_boots":1,"minecraft:furnace":4,"tombstone:gift":1,"minecraft:cobbled_deepslate":43,"minecraft:water_bucket":10,"epicfight:skillbook":2,"minecraft:stone_pickaxe":284,"minecraft:wooden_pickaxe":7,"minecraft:crafting_table":3,"minecraft:note_block":12,"minecraft:oak_log":2,"minecraft:cyan_bed":5,"minecraft:iron_pickaxe":248,"tombstone:grave_key":1,"minecraft:stone_axe":69,"minecraft:diamond_sword":97,"minecraft:cobblestone":64,"minecraft:bucket":10,"minecraft:pumpkin_pie":2,"soulslikeuniverse:dagger":29},"minecraft:custom":{"minecraft:mob_kills":25,"minecraft:interact_with_crafting_table":15,"minecraft:open_barrel":83,"minecraft:damage_dealt_resisted":69,"minecraft:eat_cake_slice":9,"minecraft:leave_game":6,"minecraft:time_since_death":7846,"minecraft:climb_one_cm":252,"minecraft:damage_resisted":0,"minecraft:sprint_one_cm":553765,"minecraft:walk_one_cm":510796,"minecraft:drop":35,"minecraft:play_noteblock":149,"minecraft:damage_dealt_absorbed":2,"minecraft:play_time":109174,"minecraft:deaths":17,"minecraft:sneak_time":1418,"minecraft:walk_under_water_one_cm":1150,"minecraft:jump":2337,"minecraft:interact_with_brewingstand":1,"minecraft:walk_on_water_one_cm":8368,"minecraft:total_world_time":109174,"minecraft:interact_with_furnace":43,"minecraft:tune_noteblock":221,"minecraft:sleep_in_bed":6,"minecraft:time_since_rest":4401,"minecraft:damage_taken":4105,"minecraft:damage_absorbed":5371,"minecraft:damage_dealt":7342,"minecraft:player_kills":1,"minecraft:swim_one_cm":21388,"minecraft:fly_one_cm":539214,"minecraft:open_chest":5,"minecraft:crouch_one_cm":6606,"tombstone:undead_killed":15,"minecraft:fall_one_cm":44266,"minecraft:horse_one_cm":1857},"minecraft:dropped":{"fruitsdelight:lemon":1,"minecraft:moss_block":1,"minecraft:lilac":1,"minecraft:glass_bottle":4,"minecraft:cobblestone_stairs":1,"scalinghealth:heart_crystal":1,"tombstone:grave_key":4,"minecraft:iron_axe":1,"minecraft:glistering_melon_slice":20,"minecraft:iron_shovel":1,"minecraft:gold_ingot":21,"minecraft:note_block":5,"soulslikeuniverse:knightsoul":1,"minecraft:stone_axe":1,"minecraft:cobbled_deepslate":1,"tombstone:gift":1,"minecraft:rotten_flesh":8,"soulslikeuniverse:greedsword":1,"minecraft:carrot":6,"minecraft:lime_bed":1,"supplementaries:ash":7,"born_in_chaos_v1:corpse_maggot":1,"minecraft:andesite_stairs":4,"tombstone:essence_of_undeath":1,"minecraft:arrow":1,"fruitsdelight:orange":1},"minecraft:killed":{"irons_spellbooks:summoned_zombie":3,"minecraft:spider":4,"minecraft:slime":9,"minecraft:skeleton":4,"soulslikeuniverse:thief":1,"born_in_chaos_v1:skeleton_thrasher":1,"soulslikeuniverse:shadowassassin":1,"minecraft:zombie":7},"minecraft:mined":{"minecraft:tuff":14,"minecraft:deepslate_diamond_ore":2,"minecraft:granite":17,"minecraft:grass_block":3,"minecraft:jungle_log":3,"minecraft:furnace":3,"minecraft:iron_ore":4,"fruitsdelight:lemon_tree":1,"minecraft:andesite":225,"minecraft:potted_spruce_sapling":1,"minecraft:bamboo":2,"minecraft:stone":135,"minecraft:player_head":13,"create_dd:weathered_limestone":2,"minecraft:deepslate_redstone_ore":11,"minecraft:torch":6,"minecraft:note_block":29,"minecraft:tall_grass":1,"minecraft:cobblestone":3,"minecraft:cyan_bed":4,"minecraft:diorite":47,"minecraft:wall_torch":3,"supplementaries:urn":11,"minecraft:lime_bed":1,"create_dd:gabbro":1,"minecraft:birch_log":54,"minecraft:lilac":3,"minecraft:white_carpet":1,"minecraft:jukebox":1,"minecraft:birch_leaves":3,"minecraft:grass":3,"minecraft:oak_log":118,"minecraft:dirt":9,"create_dd:potassic":4,"minecraft:brown_candle":1,"minecraft:oak_leaves":23,"minecraft:deepslate":44},"minecraft:broken":{"minecraft:stone_sword":1,"minecraft:iron_boots":1,"minecraft:iron_leggings":1,"minecraft:stone_pickaxe":1},"minecraft:killed_by":{"minecraft:player":3,"minecraft:spider":1,"soulslikeuniverse:madknight":1,"irons_spellbooks:necromancer":4,"minecraft:skeleton":3,"minecraft:zombie":3,"soulslikeuniverse:thief":1,"soulslikeuniverse:twistedsouls":1},"minecraft:picked_up":{"minecraft:diamond_sword":1,"minecraft:wooden_pickaxe":1,"minecraft:enchanted_book":1,"tombstone:grave_key":3,"minecraft:raw_copper":12,"minecraft:iron_axe":2,"minecraft:iron_leggings":2,"minecraft:iron_shovel":3,"minecraft:cobbled_deepslate":49,"minecraft:andesite_stairs":8,"minecraft:player_head":12,"minecraft:iron_nugget":77,"minecraft:iron_pickaxe":2,"minecraft:phantom_membrane":1,"minecraft:furnace":3,"minecraft:iron_boots":1,"minecraft:stick":18,"minecraft:raw_iron":181,"born_in_chaos_v1:shattered_skull":1,"minecraft:torch":53,"epicfight:skillbook":4,"minecraft:note_block":42,"sophisticatedbackpacks:backpack":1,"minecraft:fire_charge":7,"fruitsdelight:lemon":1,"tombstone:grave_dust":1,"minecraft:diorite":47,"minecraft:carrot":10,"minecraft:redstone":49,"soulslikeuniverse:greedsword":1,"minecraft:stone_sword":2,"minecraft:arrow":4,"minecraft:rotten_flesh":8,"soulslikeuniverse:estusflask":4,"minecraft:pumpkin_pie":2,"minecraft:gold_ingot":29,"supplementaries:ash":12,"minecraft:cobblestone":304,"minecraft:birch_log":108,"born_in_chaos_v1:corpse_maggot":1,"minecraft:lime_bed":1,"minecraft:mud_bricks":10,"minecraft:lilac":1,"minecraft:water_bucket":3,"minecraft:andesite":225,"minecraft:leather":1,"create_dd:weathered_limestone":2,"minecraft:tuff":14,"minecraft:oak_log":225,"minecraft:gunpowder":3,"minecraft:cobblestone_stairs":2,"scalinghealth:heart_crystal":2,"minecraft:dirt":28,"minecraft:brown_candle":3,"minecraft:bone":27,"create_dd:potassic":4,"minecraft:wheat_seeds":1,"minecraft:raw_gold":37,"minecraft:stone_pickaxe":2,"minecraft:iron_ingot":3,"minecraft:cobweb":6,"minecraft:glass_bottle":4,"minecraft:bamboo":4,"minecraft:oak_planks":5,"minecraft:dark_oak_stairs":8,"fruitsdelight:orange":1,"minecraft:spruce_sapling":1,"minecraft:cyan_bed":5,"minecraft:slime_ball":9,"minecraft:diamond":2,"minecraft:stone_axe":1,"minecraft:granite":17,"minecraft:emerald":4,"soulslikeuniverse:knightsoul":1,"minecraft:oak_sapling":4,"minecraft:coal":64}},"DataVersion":3120}