{"stats":{"minecraft:killed_by":{"minecraft:husk":1,"minecraft:player":4,"minecraft:spider":1,"soulslikeuniverse:madknight":1,"irons_spellbooks:necromancer":5,"minecraft:skeleton":3,"minecraft:zombie":3,"soulslikeuniverse:thief":1,"soulslikeuniverse:monsterblasphemyknight":1,"soulslikeuniverse:twistedsouls":1},"minecraft:dropped":{"fruitsdelight:lemon":1,"minecraft:iron_ingot":99,"minecraft:moss_block":1,"minecraft:lilac":1,"minecraft:glass_bottle":4,"minecraft:cobblestone_stairs":1,"irons_spellbooks:scroll":1,"scalinghealth:heart_crystal":1,"tombstone:grave_key":4,"soulslikeuniverse:hollowsoul":2,"minecraft:iron_axe":1,"minecraft:glistering_melon_slice":20,"minecraft:iron_shovel":1,"minecraft:dandelion":1,"minecraft:gold_ingot":21,"minecraft:note_block":5,"soulslikeuniverse:knightsoul":1,"minecraft:stone_axe":1,"minecraft:stone_sword":1,"minecraft:cobbled_deepslate":1,"tombstone:gift":1,"minecraft:rotten_flesh":8,"soulslikeuniverse:greedsword":1,"soulslikeuniverse:estusflask":2,"minecraft:carrot":6,"corn_delight:corn_seeds":1,"soulslikeuniverse:rustysteel_chestplate":1,"minecraft:lime_bed":1,"supplementaries:ash":7,"born_in_chaos_v1:corpse_maggot":1,"minecraft:andesite_stairs":4,"tombstone:essence_of_undeath":1,"minecraft:arrow":1,"fruitsdelight:orange":1,"epicfight:skillbook":1},"minecraft:killed":{"irons_spellbooks:summoned_zombie":3,"minecraft:spider":4,"minecraft:slime":9,"minecraft:skeleton":4,"soulslikeuniverse:thief":1,"born_in_chaos_v1:skeleton_thrasher":1,"soulslikeuniverse:shadowassassin":1,"minecraft:zombie":9,"soulslikeuniverse:armedhollow":2},"minecraft:broken":{"minecraft:stone_sword":1,"minecraft:iron_boots":1,"minecraft:iron_leggings":1,"minecraft:stone_pickaxe":1},"minecraft:used":{"minecraft:stone_sword":21,"create_dd:weathered_limestone":2,"minecraft:torch":19,"minecraft:dirt":28,"scalinghealth:heart_crystal":1,"minecraft:carrot":5,"minecraft:tuff":8,"minecraft:granite":7,"create_dd:gabbro":1,"minecraft:iron_hoe":23,"minecraft:iron_axe":143,"soulslikeuniverse:greedsword":2,"minecraft:iron_boots":1,"minecraft:furnace":4,"tombstone:gift":5,"minecraft:cobbled_deepslate":43,"minecraft:water_bucket":14,"epicfight:skillbook":2,"minecraft:diorite":15,"minecraft:stone_pickaxe":284,"minecraft:wooden_pickaxe":7,"minecraft:crafting_table":5,"minecraft:note_block":12,"minecraft:oak_log":2,"minecraft:apple":3,"minecraft:bread":2,"minecraft:cyan_bed":5,"minecraft:iron_pickaxe":248,"tombstone:grave_key":2,"minecraft:spruce_sapling":1,"minecraft:stone_axe":69,"minecraft:diamond_sword":147,"minecraft:cobblestone":64,"minecraft:bucket":14,"minecraft:pumpkin_pie":2,"soulslikeuniverse:dagger":29},"minecraft:crafted":{"minecraft:oak_planks":40,"minecraft:iron_nugget":63,"minecraft:furnace":4,"minecraft:iron_hoe":1,"minecraft:stone_pickaxe":1,"sophisticatedbackpacks:iron_backpack":1,"minecraft:wheat":180,"create:andesite_alloy":31,"minecraft:crafting_table":5,"minecraft:wooden_pickaxe":1,"sophisticatedbackpacks:gold_backpack":1,"minecraft:stone_axe":1,"minecraft:bread":60,"minecraft:air":0,"minecraft:stick":24,"minecraft:iron_ingot":170,"minecraft:iron_pickaxe":1},"minecraft:picked_up":{"irons_spellbooks:scroll":1,"sophisticatedbackpacks:gold_backpack":1,"minecraft:diamond_sword":2,"minecraft:wooden_pickaxe":1,"minecraft:enchanted_book":1,"tombstone:grave_key":3,"minecraft:raw_copper":12,"minecraft:iron_axe":3,"minecraft:iron_leggings":2,"minecraft:iron_shovel":3,"soulslikeuniverse:hollowsoul":2,"minecraft:cobbled_deepslate":49,"minecraft:andesite_stairs":8,"minecraft:player_head":12,"minecraft:iron_nugget":77,"minecraft:iron_pickaxe":3,"minecraft:phantom_membrane":1,"minecraft:furnace":3,"minecraft:iron_boots":1,"minecraft:stick":18,"minecraft:raw_iron":181,"born_in_chaos_v1:shattered_skull":1,"minecraft:torch":54,"epicfight:skillbook":4,"minecraft:note_block":42,"sophisticatedbackpacks:backpack":1,"minecraft:fire_charge":7,"fruitsdelight:lemon":1,"tombstone:grave_dust":1,"minecraft:diorite":47,"minecraft:carrot":10,"minecraft:redstone":49,"soulslikeuniverse:greedsword":1,"corn_delight:corn_seeds":1,"minecraft:stone_sword":3,"minecraft:arrow":4,"minecraft:rotten_flesh":10,"soulslikeuniverse:estusflask":4,"minecraft:pumpkin_pie":2,"minecraft:hay_block":20,"minecraft:gold_ingot":29,"supplementaries:ash":12,"minecraft:cobblestone":304,"minecraft:birch_log":108,"born_in_chaos_v1:corpse_maggot":1,"minecraft:lime_bed":1,"minecraft:mud_bricks":10,"minecraft:lilac":1,"minecraft:water_bucket":3,"minecraft:andesite":225,"minecraft:leather":1,"create_dd:weathered_limestone":2,"minecraft:tuff":14,"minecraft:oak_log":225,"minecraft:gunpowder":3,"minecraft:cobblestone_stairs":2,"scalinghealth:heart_crystal":2,"minecraft:dirt":28,"minecraft:brown_candle":3,"minecraft:bone":27,"create_dd:potassic":4,"minecraft:wheat_seeds":3,"minecraft:raw_gold":37,"minecraft:stone_pickaxe":3,"minecraft:iron_ingot":3,"minecraft:cobweb":6,"minecraft:glass_bottle":4,"minecraft:bamboo":4,"minecraft:oak_planks":5,"soulslikeuniverse:rustysteel_chestplate":1,"minecraft:dark_oak_stairs":8,"fruitsdelight:orange":1,"minecraft:dandelion":2,"minecraft:spruce_sapling":1,"minecraft:cyan_bed":5,"minecraft:slime_ball":9,"minecraft:diamond":2,"minecraft:stone_axe":1,"minecraft:granite":17,"minecraft:emerald":4,"soulslikeuniverse:knightsoul":1,"minecraft:oak_sapling":4,"minecraft:coal":64},"minecraft:custom":{"minecraft:mob_kills":30,"minecraft:interact_with_crafting_table":33,"minecraft:open_barrel":83,"minecraft:damage_dealt_resisted":69,"minecraft:eat_cake_slice":9,"minecraft:leave_game":7,"minecraft:time_since_death":1009,"minecraft:climb_one_cm":1668,"minecraft:damage_resisted":0,"minecraft:sprint_one_cm":657251,"minecraft:walk_one_cm":597395,"minecraft:drop":46,"minecraft:play_noteblock":149,"minecraft:damage_dealt_absorbed":2,"minecraft:talked_to_villager":5,"minecraft:play_time":137361,"minecraft:deaths":21,"minecraft:sneak_time":1949,"minecraft:walk_under_water_one_cm":1448,"minecraft:interact_with_brewingstand":1,"minecraft:jump":2836,"minecraft:walk_on_water_one_cm":9528,"minecraft:total_world_time":137361,"minecraft:interact_with_furnace":43,"minecraft:tune_noteblock":221,"minecraft:sleep_in_bed":7,"minecraft:time_since_rest":784,"minecraft:waystone_activated":1,"minecraft:damage_taken":5144,"minecraft:damage_absorbed":6575,"minecraft:damage_dealt":9191,"minecraft:player_kills":3,"minecraft:swim_one_cm":21433,"minecraft:fly_one_cm":698981,"minecraft:open_chest":6,"minecraft:crouch_one_cm":7367,"tombstone:undead_killed":19,"minecraft:fall_one_cm":58536,"minecraft:horse_one_cm":1857},"minecraft:mined":{"minecraft:tuff":14,"minecraft:deepslate_diamond_ore":2,"corn_delight:wild_corn":3,"minecraft:granite":17,"minecraft:grass_block":3,"minecraft:jungle_log":3,"minecraft:hay_block":20,"minecraft:furnace":3,"minecraft:iron_ore":4,"fruitsdelight:lemon_tree":1,"minecraft:andesite":225,"minecraft:potted_spruce_sapling":1,"minecraft:bamboo":2,"minecraft:stone":135,"minecraft:player_head":13,"create_dd:weathered_limestone":2,"minecraft:deepslate_redstone_ore":11,"minecraft:dandelion":1,"minecraft:torch":6,"minecraft:note_block":29,"minecraft:tall_grass":1,"minecraft:cobblestone":3,"minecraft:cyan_bed":4,"minecraft:diorite":47,"minecraft:wall_torch":3,"supplementaries:urn":11,"minecraft:lime_bed":1,"create_dd:gabbro":1,"minecraft:birch_log":54,"minecraft:lilac":3,"minecraft:white_carpet":1,"minecraft:jukebox":1,"minecraft:birch_leaves":3,"minecraft:grass":9,"minecraft:oak_log":118,"minecraft:dirt":9,"create_dd:potassic":4,"minecraft:brown_candle":1,"minecraft:oak_leaves":23,"minecraft:deepslate":44}},"DataVersion":3120}