{"stats":{"minecraft:crafted":{"artifacts:eternal_steak":1,"minecraft:oak_planks":20,"minecraft:furnace":1,"minecraft:stone_pickaxe":1,"minecraft:wheat":126,"minecraft:crafting_table":1,"minecraft:wooden_pickaxe":1,"minecraft:stone_axe":1,"minecraft:bread":42,"minecraft:air":0,"minecraft:diamond_pickaxe":1,"minecraft:stick":16,"minecraft:iron_ingot":22,"minecraft:wooden_axe":1,"minecraft:acacia_planks":20},"minecraft:used":{"minecraft:stone_sword":43,"minecraft:acacia_log":1,"minecraft:iron_sword":18,"minecraft:rotten_flesh":2,"minecraft:torch":26,"minecraft:dirt":23,"minecraft:mutton":1,"soulslikeuniverse:sai":38,"minecraft:wooden_axe":1,"minecraft:iron_axe":3,"soulslikeuniverse:estusflask":2,"minecraft:dark_oak_boat":1,"minecraft:furnace":2,"tombstone:gift":2,"minecraft:cooked_beef":6,"minecraft:cobbled_deepslate":10,"epicfight:skillbook":2,"minecraft:stone_pickaxe":32,"minecraft:oak_planks":5,"minecraft:wooden_pickaxe":30,"scalinghealth:chance_heart":2,"minecraft:crafting_table":5,"minecraft:cave_spider_spawn_egg":3,"wom:diamond_crown":1,"minecraft:diamond_pickaxe":113,"minecraft:bread":17,"minecraft:gravel":5,"create_dd:dolomite":2,"minecraft:stone_axe":3,"minecraft:enchanted_book":1,"born_in_chaos_v1:river_mint":1,"minecraft:andesite":10,"alexsmobs:animal_dictionary":8,"soulslikeuniverse:dagger":66,"minecraft:chainmail_leggings":1},"minecraft:custom":{"minecraft:mob_kills":18,"minecraft:interact_with_crafting_table":9,"minecraft:open_barrel":1,"minecraft:damage_dealt_resisted":0,"minecraft:leave_game":2,"minecraft:time_since_death":292,"minecraft:damage_resisted":218,"minecraft:sprint_one_cm":299322,"minecraft:walk_one_cm":397205,"minecraft:drop":72,"minecraft:damage_dealt_absorbed":462,"minecraft:talked_to_villager":1,"minecraft:play_time":98499,"minecraft:deaths":24,"minecraft:sneak_time":1155,"minecraft:walk_under_water_one_cm":31870,"minecraft:boat_one_cm":141414,"minecraft:jump":2306,"minecraft:walk_on_water_one_cm":18491,"minecraft:total_world_time":98499,"minecraft:interact_with_furnace":10,"minecraft:sleep_in_bed":1,"minecraft:time_since_rest":1,"minecraft:damage_taken":8654,"minecraft:trigger_trapped_chest":1,"minecraft:damage_dealt":6675,"minecraft:swim_one_cm":23519,"minecraft:fly_one_cm":688353,"minecraft:player_kills":2,"minecraft:open_chest":17,"minecraft:crouch_one_cm":4759,"tombstone:undead_killed":6,"minecraft:fall_one_cm":55486},"minecraft:dropped":{"minecraft:enchanted_book":1,"minecraft:bread":25,"minecraft:iron_sword":1,"minecraft:wheat_seeds":1,"create_dd:raw_tin":8,"minecraft:granite":10,"minecraft:chainmail_helmet":2,"minecraft:rail":2,"minecraft:coal":1,"minecraft:stick":6,"irons_spellbooks:scroll":1,"born_in_chaos_v1:monster_flesh":1,"minecraft:dirt":4,"minecraft:diorite":22,"minecraft:wooden_axe":1,"tombstone:grave_dust":2,"irons_spellbooks:arcane_essence":6,"soulslikeuniverse:hollowsoul":2,"minecraft:gold_nugget":38,"minecraft:phantom_membrane":1,"minecraft:iron_shovel":1,"minecraft:dark_oak_planks":1,"minecraft:bone":4,"minecraft:redstone":9,"minecraft:gravel":6,"minecraft:stone_axe":1,"alexsmobs:gazelle_horn":1,"soulslikeuniverse:repairstone":2,"minecraft:rotten_flesh":17,"minecraft:oak_planks":5,"minecraft:azure_bluet":1,"patchouli:guide_book":1,"supplementaries:antique_ink":1,"create_dd:dolomite":2,"supplementaries:flax_seeds":10,"supplementaries:ash":10,"minecraft:gunpowder":2,"minecraft:bundle":1,"born_in_chaos_v1:corpse_maggot":4,"apotheosis:gem":5,"artifacts:eternal_steak":1,"minecraft:spider_eye":1,"minecraft:stone_pickaxe":1,"minecraft:beef":8,"minecraft:wooden_pickaxe":1},"minecraft:mined":{"minecraft:deepslate_diamond_ore":2,"minecraft:acacia_log":6,"minecraft:grass_block":2,"minecraft:spawner":2,"minecraft:hay_block":14,"minecraft:furnace":2,"minecraft:iron_ore":4,"create_dd:dolomite":2,"minecraft:deepslate_lapis_ore":6,"minecraft:azure_bluet":1,"minecraft:deepslate_iron_ore":24,"minecraft:stone":47,"minecraft:deepslate_redstone_ore":2,"supplementaries:book_pile":1,"minecraft:crafting_table":5,"minecraft:torch":1,"minecraft:tall_grass":1,"minecraft:cobblestone":1,"minecraft:lapis_ore":1,"minecraft:diorite":1,"supplementaries:urn":13,"born_in_chaos_v1:river_mint":1,"minecraft:grass":3,"minecraft:oak_log":4,"minecraft:coal_ore":24,"minecraft:gravel":4,"minecraft:deepslate":46},"minecraft:killed":{"minecraft:cave_spider":1,"minecraft:spider":3,"minecraft:skeleton":1,"soulslikeuniverse:thief":2,"soulslikeuniverse:monsterhollow":1,"minecraft:zombie":4,"born_in_chaos_v1:dread_hound":1,"alexsmobs:gazelle":2},"minecraft:broken":{"soulslikeuniverse:sai":1,"minecraft:iron_leggings":1,"soulslikeuniverse:assassin_leggings":1,"minecraft:leather_boots":1},"minecraft:killed_by":{"alexsmobs:skelewag":1,"minecraft:player":11,"minecraft:creeper":2,"born_in_chaos_v1:zombie_bruiser":1,"minecraft:vindicator":3,"irons_spellbooks:necromancer":1,"minecraft:skeleton":1,"minecraft:zombie":1,"soulslikeuniverse:hollowknight":2,"born_in_chaos_v1:dread_hound":1},"minecraft:picked_up":{"irons_spellbooks:scroll":1,"soulslikeuniverse:assassin_leggings":2,"minecraft:crafting_table":6,"minecraft:azure_bluet":1,"born_in_chaos_v1:river_mint":1,"minecraft:enchanted_book":2,"alexsmobs:gazelle_horn":1,"minecraft:string":4,"minecraft:iron_axe":1,"minecraft:iron_shovel":1,"irons_spellbooks:arcane_essence":6,"soulslikeuniverse:hollowsoul":2,"minecraft:gold_nugget":38,"minecraft:cobbled_deepslate":62,"minecraft:beef":22,"soulslikeuniverse:oniknight_helmet":1,"minecraft:phantom_membrane":1,"minecraft:furnace":2,"minecraft:stick":3,"minecraft:raw_iron":33,"apotheosis:gem":4,"minecraft:torch":25,"minecraft:acacia_log":6,"minecraft:diorite":22,"minecraft:redstone":9,"minecraft:dark_oak_planks":2,"minecraft:arrow":1,"minecraft:rotten_flesh":20,"soulslikeuniverse:estusflask":8,"minecraft:hay_block":14,"supplementaries:antique_ink":1,"soulslikeuniverse:repairstone":1,"supplementaries:ash":10,"minecraft:mutton":1,"minecraft:cobblestone":49,"minecraft:rail":2,"create_dd:raw_tin":8,"born_in_chaos_v1:corpse_maggot":4,"minecraft:cooked_beef":6,"create_dd:dolomite":4,"minecraft:andesite":10,"minecraft:dark_oak_boat":1,"minecraft:flint":1,"minecraft:oak_log":5,"supplementaries:flax_seeds":10,"minecraft:gunpowder":4,"minecraft:lapis_lazuli":44,"minecraft:dirt":27,"artifacts:shock_pendant":1,"minecraft:bone":8,"minecraft:wheat_seeds":1,"minecraft:iron_ingot":1,"minecraft:iron_sword":1,"minecraft:oak_planks":10,"soulslikeuniverse:sai":2,"patchouli:guide_book":5,"minecraft:gravel":6,"alexsmobs:animal_dictionary":2,"minecraft:spider_eye":1,"minecraft:bundle":1,"minecraft:diamond":6,"minecraft:granite":10,"soulslikeuniverse:dagger":2,"minecraft:chainmail_helmet":2,"minecraft:emerald":36,"minecraft:coal":67}},"DataVersion":3120}