{"stats":{"minecraft:killed_by":{"alexsmobs:skelewag":1,"minecraft:player":15,"soulslikeuniverse:eliteknight":1,"born_in_chaos_v1:nightmare_stalker":1,"minecraft:creeper":2,"born_in_chaos_v1:zombie_bruiser":1,"minecraft:vindicator":3,"irons_spellbooks:necromancer":2,"soulslikeuniverse:nobleknight":1,"minecraft:skeleton":1,"minecraft:zombie":3,"soulslikeuniverse:hollowknight":3,"born_in_chaos_v1:dread_hound":1},"minecraft:dropped":{"minecraft:enchanted_book":2,"minecraft:bread":25,"minecraft:iron_sword":1,"minecraft:wheat_seeds":1,"artifacts:shock_pendant":1,"create_dd:raw_tin":8,"minecraft:granite":10,"minecraft:red_wool":1,"minecraft:chainmail_helmet":2,"minecraft:rail":2,"minecraft:coal":1,"minecraft:leather_helmet":1,"minecraft:stick":6,"irons_spellbooks:scroll":1,"born_in_chaos_v1:monster_flesh":1,"minecraft:dirt":4,"minecraft:diorite":22,"minecraft:wooden_axe":1,"minecraft:horn_coral":1,"tombstone:grave_dust":4,"irons_spellbooks:arcane_essence":11,"soulslikeuniverse:hollowsoul":3,"minecraft:gold_nugget":38,"minecraft:phantom_membrane":1,"minecraft:iron_pickaxe":1,"minecraft:iron_shovel":1,"minecraft:dark_oak_planks":1,"minecraft:dandelion":1,"minecraft:redstone":9,"minecraft:bone":4,"minecraft:gravel":6,"minecraft:stone_axe":1,"alexsmobs:gazelle_horn":1,"minecraft:stone_sword":1,"soulslikeuniverse:repairstone":3,"minecraft:rotten_flesh":21,"minecraft:oak_planks":5,"minecraft:iron_boots":1,"minecraft:name_tag":1,"minecraft:azure_bluet":1,"patchouli:guide_book":1,"supplementaries:antique_ink":1,"create_dd:dolomite":2,"supplementaries:flax_seeds":10,"supplementaries:ash":10,"alexsmobs:elastic_tendon":1,"minecraft:gunpowder":4,"minecraft:bundle":1,"born_in_chaos_v1:corpse_maggot":10,"minecraft:leather_boots":1,"apotheosis:gem":7,"artifacts:eternal_steak":1,"minecraft:spider_eye":3,"minecraft:slime_ball":1,"minecraft:stone_pickaxe":2,"minecraft:beef":8,"minecraft:wooden_pickaxe":1,"scalinghealth:bandages":6},"minecraft:killed":{"minecraft:cave_spider":1,"irons_spellbooks:summoned_zombie":2,"minecraft:spider":3,"born_in_chaos_v1:maggot":2,"minecraft:skeleton":6,"soulslikeuniverse:thief":3,"soulslikeuniverse:monsterhollow":1,"soulslikeuniverse:shadowassassin":1,"born_in_chaos_v1:barrel_zombie":1,"irons_spellbooks:necromancer":2,"born_in_chaos_v1:decrepit_skeleton":1,"soulslikeuniverse:monsterknight":1,"minecraft:zombie":7,"born_in_chaos_v1:dread_hound":1,"born_in_chaos_v1:corpse_fly":5,"alexsmobs:gazelle":2,"minecraft:enderman":1},"minecraft:broken":{"soulslikeuniverse:sai":1,"soulslikeuniverse:oniknight_helmet":1,"soulslikeuniverse:wanderer_boots":1,"minecraft:chainmail_leggings":1,"minecraft:iron_leggings":1,"soulslikeuniverse:assassin_leggings":1,"minecraft:leather_boots":1,"soulslikeuniverse:assassin_boots":1},"minecraft:used":{"minecraft:stone_sword":43,"minecraft:acacia_log":1,"minecraft:iron_sword":174,"minecraft:rotten_flesh":4,"minecraft:iron_chestplate":1,"minecraft:torch":26,"minecraft:dirt":23,"scalinghealth:heart_crystal":1,"minecraft:mutton":1,"minecraft:carrot":2,"born_in_chaos_v1:corpse_maggot":7,"soulslikeuniverse:sai":38,"minecraft:wooden_axe":1,"minecraft:iron_axe":4,"soulslikeuniverse:estusflask":9,"minecraft:bow":5,"minecraft:dark_oak_boat":1,"minecraft:furnace":2,"tombstone:gift":3,"minecraft:cooked_beef":6,"minecraft:cobbled_deepslate":59,"epicfight:skillbook":4,"minecraft:stone_pickaxe":32,"minecraft:oak_planks":5,"minecraft:wooden_pickaxe":30,"scalinghealth:chance_heart":2,"minecraft:crafting_table":5,"minecraft:cave_spider_spawn_egg":3,"wom:diamond_crown":1,"minecraft:diamond_pickaxe":115,"minecraft:bread":17,"minecraft:gravel":5,"minecraft:stone_axe":3,"create_dd:dolomite":2,"minecraft:enchanted_book":1,"born_in_chaos_v1:river_mint":1,"minecraft:andesite":10,"alexsmobs:animal_dictionary":12,"soulslikeuniverse:dagger":66,"minecraft:chainmail_leggings":1},"minecraft:crafted":{"artifacts:eternal_steak":1,"minecraft:oak_planks":20,"minecraft:furnace":1,"minecraft:stone_pickaxe":1,"minecraft:wheat":126,"minecraft:crafting_table":1,"minecraft:wooden_pickaxe":1,"minecraft:stone_axe":1,"minecraft:bread":42,"minecraft:air":0,"minecraft:diamond_pickaxe":1,"minecraft:stick":16,"minecraft:iron_ingot":22,"minecraft:wooden_axe":1,"minecraft:acacia_planks":20},"minecraft:picked_up":{"irons_spellbooks:scroll":1,"soulslikeuniverse:wanderer_boots":1,"soulslikeuniverse:assassin_leggings":2,"minecraft:crafting_table":6,"minecraft:azure_bluet":1,"born_in_chaos_v1:river_mint":1,"minecraft:enchanted_book":2,"alexsmobs:gazelle_horn":1,"minecraft:string":4,"minecraft:iron_axe":1,"minecraft:iron_shovel":1,"irons_spellbooks:arcane_essence":11,"soulslikeuniverse:hollowsoul":3,"minecraft:gold_nugget":38,"minecraft:cobbled_deepslate":62,"minecraft:beef":22,"alexsmobs:elastic_tendon":1,"minecraft:phantom_membrane":2,"soulslikeuniverse:oniknight_helmet":1,"minecraft:furnace":2,"soulslikeuniverse:assassin_boots":1,"minecraft:stick":3,"minecraft:raw_iron":33,"apotheosis:gem":6,"minecraft:torch":25,"minecraft:acacia_log":6,"epicfight:skillbook":3,"tombstone:grave_dust":2,"minecraft:diorite":22,"minecraft:carrot":1,"minecraft:redstone":9,"minecraft:dark_oak_planks":2,"minecraft:arrow":3,"minecraft:rotten_flesh":26,"soulslikeuniverse:estusflask":13,"supplementaries:antique_ink":1,"minecraft:hay_block":14,"supplementaries:ash":13,"soulslikeuniverse:repairstone":2,"minecraft:mutton":1,"minecraft:rail":2,"minecraft:cobblestone":49,"create_dd:raw_tin":8,"born_in_chaos_v1:corpse_maggot":17,"minecraft:cooked_beef":6,"create_dd:dolomite":4,"minecraft:andesite":10,"minecraft:dark_oak_boat":1,"artifacts:thorn_pendant":1,"minecraft:flint":1,"minecraft:oak_log":5,"scalinghealth:bandages":6,"supplementaries:flax_seeds":10,"minecraft:horn_coral":1,"minecraft:gunpowder":7,"scalinghealth:heart_crystal":1,"minecraft:lapis_lazuli":44,"minecraft:dirt":27,"minecraft:name_tag":1,"artifacts:shock_pendant":1,"minecraft:leather_boots":1,"minecraft:bone":11,"minecraft:wheat_seeds":2,"minecraft:iron_ingot":1,"minecraft:stone_pickaxe":1,"minecraft:iron_sword":1,"minecraft:oak_planks":10,"soulslikeuniverse:sai":2,"patchouli:guide_book":5,"minecraft:red_wool":1,"minecraft:dandelion":1,"minecraft:gravel":6,"minecraft:spider_eye":3,"alexsmobs:animal_dictionary":2,"minecraft:leather_helmet":1,"minecraft:bundle":2,"minecraft:slime_ball":1,"minecraft:diamond":6,"minecraft:granite":10,"soulslikeuniverse:dagger":2,"minecraft:chainmail_helmet":2,"minecraft:emerald":36,"minecraft:coal":67},"minecraft:custom":{"minecraft:mob_kills":50,"minecraft:interact_with_crafting_table":10,"minecraft:open_barrel":3,"minecraft:damage_dealt_resisted":32,"minecraft:leave_game":7,"minecraft:time_since_death":1095,"minecraft:damage_resisted":2653,"minecraft:sprint_one_cm":450997,"minecraft:walk_one_cm":576127,"minecraft:drop":108,"minecraft:damage_dealt_absorbed":540,"minecraft:talked_to_villager":1,"minecraft:play_time":139407,"minecraft:deaths":35,"minecraft:sneak_time":1668,"minecraft:walk_under_water_one_cm":32090,"minecraft:boat_one_cm":141414,"minecraft:jump":3893,"minecraft:walk_on_water_one_cm":19505,"minecraft:total_world_time":139407,"minecraft:interact_with_furnace":10,"minecraft:sleep_in_bed":1,"minecraft:time_since_rest":772,"minecraft:damage_taken":12263,"minecraft:damage_absorbed":2307,"minecraft:trigger_trapped_chest":1,"minecraft:damage_dealt":14289,"minecraft:player_kills":2,"minecraft:swim_one_cm":23519,"minecraft:fly_one_cm":1255962,"minecraft:open_chest":27,"minecraft:crouch_one_cm":5305,"tombstone:undead_killed":21,"minecraft:fall_one_cm":92123},"minecraft:mined":{"minecraft:deepslate_diamond_ore":2,"minecraft:acacia_log":6,"minecraft:grass_block":2,"minecraft:spawner":2,"minecraft:hay_block":14,"minecraft:furnace":2,"minecraft:iron_ore":4,"create_dd:dolomite":2,"minecraft:deepslate_lapis_ore":6,"minecraft:azure_bluet":1,"minecraft:deepslate_iron_ore":24,"minecraft:stone":47,"minecraft:deepslate_redstone_ore":2,"supplementaries:book_pile":1,"minecraft:crafting_table":5,"minecraft:torch":1,"minecraft:tall_grass":2,"minecraft:cobblestone":1,"minecraft:lapis_ore":1,"minecraft:diorite":1,"supplementaries:urn":14,"born_in_chaos_v1:river_mint":1,"minecraft:grass":3,"minecraft:coal_ore":24,"minecraft:oak_log":4,"minecraft:gravel":4,"minecraft:deepslate":46}},"DataVersion":3120}