{"stats":{"minecraft:crafted":{"soulslikeuniverse:dagger":1,"minecraft:oak_planks":180,"minecraft:dark_oak_boat":2,"sophisticatedbackpacks:crafting_upgrade":1,"minecraft:diamond_helmet":1,"minecraft:bow":1,"minecraft:iron_boots":1,"tombstone:grave_key":1,"minecraft:chest":2,"sophisticatedbackpacks:backpack":1,"minecraft:crafting_table":6,"minecraft:smithing_table":3,"minecraft:gold_block":19,"sophisticatedbackpacks:upgrade_base":1,"minecraft:diamond_pickaxe":1,"sophisticatedbackpacks:diamond_backpack":2,"minecraft:stick":12,"minecraft:dark_oak_trapdoor":2,"minecraft:dark_oak_planks":92,"sophisticatedbackpacks:iron_backpack":1,"minecraft:enchanting_table":1,"sophisticatedbackpacks:gold_backpack":2,"minecraft:torch":36,"minecraft:acacia_planks":4,"minecraft:diamond_chestplate":2},"minecraft:used":{"alexsmobs:small_catfish_bucket":4,"minecraft:ladder":1,"minecraft:iron_sword":229,"minecraft:rotten_flesh":8,"soulslikeuniverse:oniknight_helmet":1,"minecraft:tuff":1,"minecraft:honey_bottle":22,"wom:agony":668,"born_in_chaos_v1:corpse_maggot":34,"minecraft:lava_bucket":1,"minecraft:birch_sapling":1,"soulslikeuniverse:estusflask":67,"minecraft:stone_brick_stairs":3,"minecraft:item_frame":1,"minecraft:stone_bricks":2,"minecraft:netherite_boots":1,"minecraft:bow":47,"minecraft:dark_oak_boat":5,"minecraft:egg":3,"epicfight:skillbook":14,"minecraft:oak_planks":173,"farmersdelight:organic_compost":1,"minecraft:golden_apple":18,"minecraft:white_wool":1,"minecraft:dark_oak_trapdoor":2,"alexsmobs:skelewag_sword":1,"scalinghealth:cursed_heart":1,"minecraft:netherite_helmet":1,"minecraft:lingering_potion":1,"alexsmobs:terrapin_bucket":1,"minecraft:bread":34,"tombstone:grave_key":21,"create_dd:dolomite":3,"minecraft:diamond_sword":691,"minecraft:smithing_table":5,"minecraft:andesite":2,"soulslikeuniverse:dagger":17,"minecraft:experience_bottle":22,"minecraft:stripped_acacia_wood":1,"minecraft:iron_bars":1,"minecraft:enchanting_table":1,"minecraft:stone_sword":68,"minecraft:flint_and_steel":12,"minecraft:spruce_planks":1,"farmersdelight:rich_soil":1,"minecraft:netherrack":2,"minecraft:torch":16,"minecraft:dirt":2,"scalinghealth:heart_crystal":24,"minecraft:diamond_helmet":1,"minecraft:granite":6,"create_dd:gabbro":3,"minecraft:shroomlight":1,"minecraft:dark_oak_planks":16,"minecraft:iron_axe":124,"minecraft:iron_boots":2,"minecraft:diamond_chestplate":2,"minecraft:golden_carrot":30,"farmersdelight:cooking_pot":2,"scalinghealth:bandages":1,"tombstone:gift":14,"minecraft:cooked_beef":3,"minecraft:cobbled_deepslate":129,"minecraft:enchanted_golden_apple":1,"minecraft:light_gray_bed":3,"minecraft:iron_leggings":1,"minecraft:water_bucket":179,"minecraft:birch_planks":3,"minecraft:glass_bottle":1,"minecraft:polished_deepslate_slab":1,"minecraft:crafting_table":8,"supplementaries:bomb":6,"alexsmobs:flying_fish":1,"minecraft:dark_prismarine":5,"minecraft:mud":3,"minecraft:diamond_pickaxe":612,"minecraft:apple":1,"minecraft:iron_pickaxe":324,"scalinghealth:medkit":1,"minecraft:cobblestone":39,"minecraft:potion":6,"minecraft:purple_bed":1,"minecraft:cobbled_deepslate_slab":1,"minecraft:turtle_helmet":1,"minecraft:bucket":184,"alexsmobs:animal_dictionary":2,"minecraft:birch_stairs":1,"minecraft:diamond_leggings":1,"minecraft:splash_potion":2},"minecraft:custom":{"minecraft:interact_with_crafting_table":13,"minecraft:open_barrel":161,"minecraft:eat_cake_slice":11,"minecraft:leave_game":7,"minecraft:time_since_death":17059,"minecraft:damage_resisted":381,"minecraft:sprint_one_cm":1687998,"minecraft:drop":408,"minecraft:talked_to_villager":1,"minecraft:play_time":428381,"minecraft:deaths":41,"tombstone:tomb_raiding":3,"minecraft:jump":6666,"minecraft:interact_with_brewingstand":2,"minecraft:walk_on_water_one_cm":91938,"minecraft:interact_with_furnace":1,"minecraft:sleep_in_bed":8,"tombstone:sneak_grave":3,"minecraft:damage_dealt":77546,"minecraft:player_kills":12,"minecraft:crouch_one_cm":80964,"tombstone:undead_killed":135,"tombstone:villager_killed":1,"minecraft:horse_one_cm":1072,"minecraft:interact_with_smithing_table":10,"minecraft:mob_kills":288,"minecraft:damage_dealt_resisted":1783,"minecraft:climb_one_cm":8044,"minecraft:walk_one_cm":1477573,"minecraft:damage_dealt_absorbed":470,"minecraft:sneak_time":15155,"minecraft:walk_under_water_one_cm":122845,"minecraft:boat_one_cm":637728,"minecraft:total_world_time":428381,"tombstone:raider_killed":21,"minecraft:tune_noteblock":1,"minecraft:time_since_rest":11280,"minecraft:damage_taken":35753,"minecraft:damage_absorbed":924,"minecraft:trigger_trapped_chest":5,"tombstone:cast_on_ally":2,"minecraft:swim_one_cm":123183,"minecraft:fly_one_cm":2143655,"minecraft:open_chest":101,"minecraft:fall_one_cm":175529},"minecraft:dropped":{"minecraft:iron_sword":1,"minecraft:acacia_wood":1,"graveyard:upper_bone_staff":2,"minecraft:birch_planks":3,"minecraft:porkchop":27,"minecraft:ender_pearl":1,"minecraft:glass_bottle":16,"minecraft:crafting_table":2,"artifacts:shock_pendant":1,"minecraft:crossbow":1,"soulslikeuniverse:alloy_chestplate":2,"create_dd:raw_tin":8,"minecraft:cracked_stone_bricks":1,"minecraft:saddle":2,"minecraft:cut_sandstone_slab":3,"minecraft:leather_helmet":1,"minecraft:item_frame":1,"minecraft:flint":1,"minecraft:cyan_terracotta":3,"born_in_chaos_v1:monster_flesh":3,"minecraft:dirt":22,"tombstone:bag_of_seeds":2,"irons_spellbooks:hogskin":7,"alexsmobs:skelewag_sword":3,"minecraft:seagrass":3,"irons_spellbooks:arcane_essence":26,"minecraft:gold_nugget":52,"irons_spellbooks:gold_spell_book":1,"minecraft:amethyst_shard":1,"minecraft:bone_meal":2,"minecraft:phantom_membrane":7,"soulslikeuniverse:steelshield":1,"minecraft:dark_oak_planks":12,"minecraft:birch_log":1,"minecraft:white_wool":4,"minecraft:gold_ingot":1,"minecraft:bone":29,"soulslikeuniverse:godricksoldier_boots":1,"minecraft:gravel":7,"wom:agony":1,"irons_spellbooks:fire_rune":1,"minecraft:golden_chestplate":3,"soulslikeuniverse:smilesticker":1,"alexsmobs:animal_dictionary":3,"minecraft:cobbled_deepslate":207,"minecraft:stripped_jungle_wood":4,"minecraft:wheat":2,"born_in_chaos_v1:ethereal_spirit":3,"minecraft:rotten_flesh":83,"minecraft:oak_planks":19,"soulslikeuniverse:oniknight_helmet":1,"soulslikeuniverse:sai":2,"soulslikeuniverse:godricksoldier_helmet":1,"sophisticatedbackpacks:diamond_backpack":1,"patchouli:guide_book":6,"minecraft:chainmail_chestplate":3,"minecraft:leather_chestplate":3,"supplementaries:flax_seeds":5,"supplementaries:ash":71,"born_in_chaos_v1:seedof_chaos":1,"minecraft:gunpowder":4,"apotheosis:gem":24,"minecraft:stone_brick_wall":1,"minecraft:jungle_log":2,"born_in_chaos_v1:corpse_maggot":17,"minecraft:leather_boots":2,"minecraft:ladder":1,"minecraft:chest":1,"born_in_chaos_v1:diamond_termite_shard":4,"farmersdelight:rope":9,"minecraft:leather_leggings":2,"minecraft:spruce_slab":8,"minecraft:iron_bars":2,"minecraft:beef":1,"artifacts:scarf_of_invisibility":1,"minecraft:stone_brick_stairs":12,"minecraft:iron_ingot":4,"minecraft:enchanted_book":6,"wom:netherite_chains":3,"minecraft:wheat_seeds":3,"minecraft:golden_horse_armor":1,"minecraft:diamond_leggings":2,"minecraft:poisonous_potato":1,"minecraft:feather":4,"minecraft:cobblestone":18,"minecraft:book":1,"minecraft:granite":6,"minecraft:chainmail_helmet":1,"minecraft:coal":3,"minecraft:stick":8,"irons_spellbooks:scroll":5,"minecraft:diamond_horse_armor":1,"minecraft:diorite":9,"minecraft:torch":26,"irons_spellbooks:evocation_rune":1,"tombstone:grave_key":1,"minecraft:wooden_axe":1,"soulslikeuniverse:alloy_helmet":2,"minecraft:diamond_helmet":2,"tombstone:grave_dust":2,"minecraft:potion":4,"minecraft:iron_leggings":3,"irons_spellbooks:common_ink":1,"soulslikeuniverse:soldier_boots":1,"minecraft:iron_axe":5,"minecraft:music_disc_wait":1,"minecraft:string":1,"minecraft:bucket":1,"minecraft:dandelion":1,"minecraft:kelp":1,"minecraft:nether_wart":2,"minecraft:stone_sword":5,"minecraft:cobblestone_wall":1,"minecraft:raw_copper":7,"soulslikeuniverse:repairstone":12,"soulslikeuniverse:dagger":2,"minecraft:tuff":46,"born_in_chaos_v1:rotten_fish":3,"minecraft:stone_shovel":1,"irons_spellbooks:graybeard_staff":1,"soulslikeuniverse:greedsword":1,"minecraft:iron_boots":3,"scalinghealth:power_crystal_shard":1,"minecraft:flint_and_steel":3,"minecraft:lily_of_the_valley":2,"create_dd:dolomite":8,"minecraft:diamond_sword":2,"minecraft:shield":1,"minecraft:sea_pickle":1,"minecraft:diamond_chestplate":2,"minecraft:spruce_planks":6,"minecraft:spruce_trapdoor":5,"minecraft:bundle":5,"minecraft:andesite":6,"born_in_chaos_v1:spiny_shell":3,"soulslikeuniverse:assassin_leggings":2,"minecraft:golden_sword":3,"minecraft:spider_eye":2,"minecraft:stone_bricks":11,"minecraft:slime_ball":8,"minecraft:diamond_boots":2,"minecraft:bow":1,"soulslikeuniverse:lunatic_leggings":1,"minecraft:stone_pickaxe":3,"wom:demon_seal":1,"scalinghealth:bandages":4,"epicfight:skillbook":9},"minecraft:killed":{"born_in_chaos_v1:zombie_clown":1,"minecraft:cave_spider":3,"born_in_chaos_v1:zombie_lumberjack":1,"born_in_chaos_v1:restless_spirit":1,"born_in_chaos_v1:skeleton_demoman":1,"irons_spellbooks:pyromancer":1,"minecraft:spider":4,"minecraft:skeleton":24,"alexsmobs:skelewag":2,"irons_spellbooks:archevoker":1,"minecraft:skeleton_horse":1,"artifacts:mimic":5,"soulslikeuniverse:shadowassassin":1,"born_in_chaos_v1:diamond_termite":4,"soulslikeuniverse:prisoncampknight":1,"soulslikeuniverse:twistedsouls":1,"irons_spellbooks:necromancer":5,"minecraft:creeper":2,"minecraft:pillager":12,"minecraft:trader_llama":2,"born_in_chaos_v1:zombie_fisherman":1,"minecraft:zombie":42,"born_in_chaos_v1:dread_hound":3,"alexsmobs:maned_wolf":1,"born_in_chaos_v1:corpse_fly":32,"soulslikeuniverse:monstergodricksoldier":1,"soulslikeuniverse:badomengiant":1,"soulslikeuniverse:monsterblasphemyknight":1,"minecraft:cow":1,"irons_spellbooks:summoned_zombie":10,"minecraft:vindicator":2,"alexsmobs:seagull":3,"minecraft:slime":12,"born_in_chaos_v1:thornshell_crab":1,"born_in_chaos_v1:zombie_bruiser":1,"born_in_chaos_v1:maggot":19,"minecraft:phantom":7,"soulslikeuniverse:thief":3,"soulslikeuniverse:darkspirit":1,"born_in_chaos_v1:corpse_fish":4,"soulslikeuniverse:monsterhollow":13,"minecraft:drowned":1,"soulslikeuniverse:solaire":1,"born_in_chaos_v1:barrel_zombie":1,"minecraft:husk":2,"graveyard:ghoul":1,"born_in_chaos_v1:swarmer":1,"minecraft:wandering_trader":1,"minecraft:hoglin":7,"born_in_chaos_v1:decrepit_skeleton":3,"soulslikeuniverse:madknight":1,"born_in_chaos_v1:bloody_gadfly":1,"minecraft:wither_skeleton":12,"minecraft:enderman":1},"minecraft:mined":{"minecraft:cut_sandstone_slab":3,"minecraft:spruce_planks":4,"farmersdelight:rich_soil":1,"minecraft:spruce_trapdoor":1,"minecraft:granite":39,"minecraft:acacia_log":1,"minecraft:grass_block":2,"minecraft:light_gray_bed":3,"minecraft:deepslate_tile_stairs":1,"minecraft:spawner":18,"minecraft:iron_ore":36,"minecraft:turtle_egg":1,"minecraft:barrel":1,"minecraft:fire":2,"minecraft:cobbled_deepslate":12,"graveyard:upper_bone_staff":1,"minecraft:enchanting_table":1,"minecraft:iron_bars":3,"scalinghealth:deepslate_power_crystal_ore":2,"minecraft:polished_deepslate_slab":3,"minecraft:cyan_terracotta":6,"farmersdelight:organic_compost":1,"minecraft:kelp_plant":4,"minecraft:cobblestone":2,"minecraft:oak_planks":5,"minecraft:wall_torch":2,"minecraft:stripped_oak_wood":1,"minecraft:tnt":4,"minecraft:stone_brick_stairs":3,"minecraft:grass":22,"minecraft:oak_log":42,"minecraft:dirt":4,"minecraft:netherrack":2,"minecraft:oak_leaves":5,"minecraft:deepslate":509,"minecraft:dark_prismarine":6,"minecraft:tuff":67,"minecraft:deepslate_diamond_ore":25,"born_in_chaos_v1:infected_diamond_ore":1,"minecraft:cobbled_deepslate_slab":1,"minecraft:redstone_wire":1,"minecraft:moss_block":1,"minecraft:kelp":2,"minecraft:acacia_wood":1,"minecraft:andesite":13,"create_dd:dolomite":13,"minecraft:gold_block":3,"minecraft:vine":2,"minecraft:bookshelf":1,"minecraft:shroomlight":1,"minecraft:deepslate_iron_ore":19,"minecraft:stone":59,"minecraft:white_wool":6,"farmersdelight:cooking_pot":2,"minecraft:smithing_table":3,"create_dd:deepslate_tin_ore":2,"minecraft:crafting_table":4,"minecraft:rose_bush":1,"minecraft:copper_ore":3,"minecraft:tall_grass":1,"minecraft:deepslate_gold_ore":24,"minecraft:diorite":11,"supplementaries:urn":14,"minecraft:purple_bed":1,"minecraft:birch_planks":6,"create_dd:gabbro":10,"minecraft:birch_leaves":1,"minecraft:coal_ore":1,"minecraft:gravel":7,"minecraft:cobweb":19,"minecraft:cracked_stone_bricks":1,"minecraft:stripped_acacia_wood":1,"minecraft:stone_bricks":4,"minecraft:gold_ore":3,"create_dd:tin_ore":2,"minecraft:dark_oak_planks":15},"minecraft:broken":{"minecraft:diamond_helmet":1,"minecraft:iron_boots":1,"minecraft:iron_chestplate":1,"minecraft:iron_leggings":1,"minecraft:diamond_chestplate":1,"minecraft:netherite_helmet":1,"minecraft:diamond_leggings":1,"minecraft:iron_pickaxe":1,"minecraft:netherite_boots":1},"minecraft:killed_by":{"minecraft:wither_skeleton":4,"soulslikeuniverse:monstertowerknight":1,"soulslikeuniverse:madknight":2,"soulslikeuniverse:darkspirit":1,"minecraft:zombie":1,"soulslikeuniverse:castleguard":3,"minecraft:player":11,"soulslikeuniverse:monsterknight":1,"minecraft:slime":1,"alexsmobs:centipede_head":1,"minecraft:skeleton":2,"minecraft:phantom":10,"soulslikeuniverse:monsterblasphemyknight":1},"minecraft:picked_up":{"minecraft:wooden_axe":1,"irons_spellbooks:scroll":7,"minecraft:seagrass":3,"minecraft:prismarine_shard":4,"minecraft:smithing_table":3,"minecraft:lead":2,"minecraft:diamond_sword":1,"minecraft:enchanted_book":5,"minecraft:potion":3,"minecraft:stone_brick_stairs":15,"minecraft:golden_sword":3,"minecraft:music_disc_cat":1,"minecraft:string":35,"irons_spellbooks:graybeard_staff":1,"minecraft:raw_copper":20,"minecraft:iron_leggings":3,"minecraft:shroomlight":1,"minecraft:sea_pickle":1,"minecraft:diamond_leggings":2,"irons_spellbooks:arcane_essence":23,"soulslikeuniverse:hollowsoul":18,"minecraft:gold_nugget":52,"minecraft:cobbled_deepslate":544,"minecraft:spruce_planks":7,"minecraft:iron_pickaxe":1,"soulslikeuniverse:oniknight_helmet":1,"minecraft:iron_boots":1,"minecraft:stick":7,"apotheosis:gem":22,"soulslikeuniverse:alloy_chestplate":2,"soulslikeuniverse:spawnmagicwhitephantom":1,"minecraft:torch":6,"minecraft:acacia_log":1,"epicfight:skillbook":9,"minecraft:porkchop":28,"tombstone:grave_dust":13,"minecraft:diorite":10,"irons_spellbooks:fire_rune":1,"soulslikeuniverse:greedsword":1,"minecraft:golden_chestplate":3,"minecraft:stone_sword":4,"minecraft:light_gray_bed":3,"minecraft:rotten_flesh":94,"soulslikeuniverse:steelshield":1,"soulslikeuniverse:estusflask":55,"minecraft:cyan_terracotta":3,"soulslikeuniverse:lunatic_leggings":1,"farmersdelight:rope":9,"supplementaries:ash":70,"minecraft:music_disc_wait":1,"minecraft:iron_bars":3,"alexsmobs:flying_fish":1,"minecraft:cobblestone":57,"minecraft:birch_log":1,"minecraft:enchanting_table":1,"create_dd:raw_tin":8,"minecraft:leather_chestplate":3,"minecraft:feather":4,"minecraft:cooked_beef":3,"create_dd:dolomite":13,"minecraft:andesite":9,"minecraft:jungle_log":2,"minecraft:dark_oak_boat":4,"minecraft:flint":1,"minecraft:tuff":64,"supplementaries:flax_seeds":5,"minecraft:dirt":24,"minecraft:cut_sandstone_slab":2,"artifacts:shock_pendant":1,"born_in_chaos_v1:monster_skin":2,"minecraft:leather_boots":2,"irons_spellbooks:hogskin":7,"minecraft:bone":89,"minecraft:bow":1,"minecraft:wheat_seeds":3,"minecraft:raw_gold":27,"minecraft:cobbled_deepslate_slab":1,"minecraft:diamond_helmet":1,"minecraft:moss_block":1,"minecraft:oak_planks":14,"irons_spellbooks:legendary_ink":2,"patchouli:guide_book":1,"minecraft:stripped_acacia_wood":1,"minecraft:poisonous_potato":1,"minecraft:lily_of_the_valley":2,"minecraft:barrel":1,"minecraft:dark_prismarine":11,"minecraft:bundle":6,"graveyard:upper_bone_staff":3,"minecraft:diamond":20,"minecraft:crossbow":1,"graveyard:lower_bone_staff":1,"minecraft:granite":35,"minecraft:bone_meal":2,"minecraft:golden_apple":1,"minecraft:chainmail_helmet":2,"minecraft:golden_horse_armor":1,"minecraft:emerald":8,"scalinghealth:cursed_heart":1,"minecraft:bread":25,"born_in_chaos_v1:rotten_fish":4,"minecraft:oak_sapling":1,"minecraft:netherrack":2,"soulslikeuniverse:assassin_leggings":1,"minecraft:mud":3,"minecraft:crafting_table":4,"born_in_chaos_v1:diamond_termite_shard":4,"minecraft:splash_potion":1,"minecraft:ladder":2,"minecraft:nether_wart":2,"born_in_chaos_v1:seedof_chaos":1,"minecraft:leather_leggings":2,"minecraft:stone_brick_wall":1,"minecraft:gold_block":3,"minecraft:diamond_horse_armor":1,"minecraft:shield":1,"minecraft:fire_coral":1,"minecraft:iron_axe":2,"minecraft:flint_and_steel":4,"minecraft:item_frame":2,"artifacts:fire_gauntlet":1,"graveyard:corruption":1,"minecraft:cracked_stone_bricks":1,"minecraft:beef":1,"wom:demon_seal":1,"minecraft:spruce_slab":8,"minecraft:chest":1,"minecraft:birch_sapling":1,"alexsmobs:skelewag_sword":3,"minecraft:phantom_membrane":6,"minecraft:spruce_trapdoor":6,"minecraft:egg":3,"minecraft:raw_iron":54,"minecraft:polished_deepslate_slab":2,"artifacts:vampiric_glove":1,"soulslikeuniverse:soldier_boots":1,"minecraft:redstone":12,"minecraft:dark_oak_planks":13,"irons_spellbooks:evocation_rune":1,"irons_spellbooks:gold_spell_book":1,"minecraft:diamond_chestplate":2,"minecraft:arrow":37,"minecraft:stone_shovel":1,"minecraft:diamond_boots":1,"born_in_chaos_v1:spiny_shell":3,"minecraft:saddle":2,"minecraft:gold_ingot":64,"soulslikeuniverse:repairstone":13,"minecraft:white_wool":5,"born_in_chaos_v1:corpse_maggot":51,"minecraft:netherite_boots":1,"farmersdelight:rich_soil":1,"born_in_chaos_v1:monster_flesh":3,"minecraft:golden_carrot":8,"minecraft:leather":14,"minecraft:acacia_wood":1,"minecraft:birch_planks":4,"minecraft:oak_log":44,"minecraft:chainmail_chestplate":2,"scalinghealth:bandages":5,"minecraft:cobblestone_wall":1,"minecraft:gunpowder":4,"scalinghealth:heart_crystal":17,"scalinghealth:medkit":1,"soulslikeuniverse:giantsoul":2,"farmersdelight:organic_compost":1,"irons_spellbooks:common_ink":1,"minecraft:apple":1,"minecraft:stone_bricks":13,"farmersdelight:cooking_pot":2,"minecraft:kelp":1,"soulslikeuniverse:godricksoldier_helmet":1,"minecraft:iron_ingot":3,"minecraft:stone_pickaxe":3,"minecraft:cobweb":5,"scalinghealth:power_crystal_shard":2,"minecraft:stripped_oak_wood":1,"tombstone:bag_of_seeds":2,"minecraft:glass_bottle":2,"minecraft:iron_sword":1,"wom:agony":1,"soulslikeuniverse:sai":1,"artifacts:obsidian_skull":1,"scalinghealth:heart_crystal_shard":10,"born_in_chaos_v1:ethereal_spirit":3,"minecraft:dandelion":1,"minecraft:gravel":7,"minecraft:birch_stairs":1,"minecraft:amethyst_shard":1,"artifacts:scarf_of_invisibility":1,"minecraft:spider_eye":3,"minecraft:leather_helmet":1,"soulslikeuniverse:godricksoldier_boots":1,"minecraft:purple_bed":1,"minecraft:slime_ball":3,"create_dd:gabbro":11,"minecraft:stripped_jungle_wood":4,"soulslikeuniverse:alloy_helmet":2,"soulslikeuniverse:knightsoul":5,"tombstone:magic_scroll":1,"minecraft:coal":10,"soulslikeuniverse:smilesticker":1,"minecraft:ender_pearl":2}},"DataVersion":3120}