{"stats":{"minecraft:killed_by":{"born_in_chaos_v1:nightmare_stalker":1,"minecraft:wither_skeleton":4,"minecraft:creeper":1,"minecraft:zombie":1,"minecraft:player":12,"minecraft:slime":1,"alexsmobs:centipede_head":1,"minecraft:skeleton":2,"minecraft:phantom":10},"minecraft:crafted":{"minecraft:smooth_stone":2,"minecraft:oak_planks":184,"minecraft:dark_oak_boat":2,"minecraft:stone":2,"sophisticatedbackpacks:crafting_upgrade":1,"sophisticatedbackpacks:smelting_upgrade":1,"minecraft:diamond_helmet":1,"minecraft:bow":1,"minecraft:iron_boots":1,"tombstone:grave_key":2,"apotheosis:ender_lead":1,"minecraft:chest":2,"sophisticatedbackpacks:backpack":1,"minecraft:crafting_table":6,"minecraft:iron_helmet":2,"minecraft:smithing_table":3,"minecraft:gold_block":19,"sophisticatedbackpacks:upgrade_base":2,"minecraft:diamond_pickaxe":1,"sophisticatedbackpacks:diamond_backpack":3,"minecraft:stick":16,"irons_spellbooks:amethyst_resonance_charm":1,"minecraft:furnace":1,"minecraft:dark_oak_trapdoor":2,"stalwart_dungeons:diamond_hammer":1,"minecraft:leather":1,"minecraft:dark_oak_planks":92,"sophisticatedbackpacks:iron_backpack":1,"minecraft:diamond_sword":1,"minecraft:enchanting_table":1,"alexsmobs:cooked_kangaroo_meat":1,"sophisticatedbackpacks:gold_backpack":2,"scalinghealth:heart_crystal":1,"minecraft:air":0,"minecraft:blue_dye":1,"minecraft:acacia_planks":4,"minecraft:torch":36,"minecraft:diamond_chestplate":2},"minecraft:mined":{"minecraft:white_bed":2,"minecraft:cut_sandstone_slab":3,"minecraft:spruce_planks":6,"farmersdelight:rich_soil":1,"minecraft:mossy_stone_brick_slab":6,"minecraft:brewing_stand":1,"minecraft:spruce_trapdoor":1,"minecraft:granite":39,"minecraft:acacia_log":1,"minecraft:grass_block":3,"minecraft:light_gray_bed":3,"minecraft:deepslate_tile_stairs":1,"minecraft:spawner":18,"minecraft:mossy_cobblestone_slab":1,"minecraft:iron_ore":36,"minecraft:turtle_egg":1,"minecraft:barrel":1,"minecraft:fire":2,"minecraft:cobbled_deepslate":12,"graveyard:upper_bone_staff":1,"minecraft:enchanting_table":2,"minecraft:polished_deepslate_slab":3,"scalinghealth:deepslate_power_crystal_ore":2,"minecraft:iron_bars":5,"minecraft:cyan_terracotta":6,"farmersdelight:organic_compost":1,"minecraft:kelp_plant":4,"minecraft:medium_amethyst_bud":1,"minecraft:amethyst_cluster":2,"graveyard:tg_podzol":3,"minecraft:cobblestone":2,"minecraft:oak_planks":5,"minecraft:wall_torch":2,"minecraft:amethyst_block":1,"minecraft:stripped_oak_wood":1,"minecraft:tnt":6,"minecraft:stone_brick_stairs":3,"minecraft:grass":38,"minecraft:oak_log":42,"minecraft:dirt":7,"minecraft:netherrack":2,"minecraft:oak_leaves":5,"minecraft:deepslate":509,"minecraft:dark_prismarine":6,"minecraft:tuff":67,"minecraft:mossy_cobblestone":1,"minecraft:deepslate_diamond_ore":25,"born_in_chaos_v1:infected_diamond_ore":1,"minecraft:cobbled_deepslate_slab":1,"minecraft:redstone_wire":1,"minecraft:spruce_leaves":1,"minecraft:moss_block":1,"minecraft:kelp":2,"minecraft:large_fern":3,"minecraft:furnace":1,"graveyard:tg_moss_block":4,"minecraft:acacia_wood":1,"minecraft:andesite":13,"create_dd:dolomite":13,"minecraft:gold_block":3,"minecraft:vine":2,"minecraft:cobblestone_slab":3,"minecraft:bookshelf":1,"minecraft:shroomlight":1,"minecraft:deepslate_iron_ore":21,"minecraft:stone":61,"minecraft:white_wool":6,"farmersdelight:cooking_pot":3,"minecraft:smithing_table":4,"create_dd:deepslate_tin_ore":2,"minecraft:stone_brick_slab":10,"minecraft:crafting_table":4,"minecraft:rose_bush":1,"minecraft:andesite_slab":2,"minecraft:copper_ore":3,"minecraft:tall_grass":9,"minecraft:deepslate_gold_ore":24,"minecraft:diorite":11,"supplementaries:urn":14,"minecraft:purple_bed":1,"minecraft:birch_planks":6,"create_dd:gabbro":10,"minecraft:birch_leaves":1,"minecraft:coal_ore":1,"minecraft:gravel":7,"minecraft:cobweb":20,"minecraft:cracked_stone_bricks":1,"minecraft:stripped_acacia_wood":1,"minecraft:stone_bricks":4,"minecraft:mossy_stone_bricks":1,"minecraft:gold_ore":3,"create_dd:tin_ore":2,"minecraft:fern":2,"minecraft:dark_oak_planks":15},"minecraft:picked_up":{"minecraft:wooden_axe":1,"irons_spellbooks:scroll":12,"minecraft:seagrass":3,"minecraft:iron_chestplate":1,"minecraft:chainmail_boots":1,"minecraft:prismarine_shard":4,"minecraft:smithing_table":4,"minecraft:lead":2,"minecraft:diamond_sword":1,"minecraft:enchanted_book":6,"minecraft:potion":3,"minecraft:stone_brick_stairs":21,"minecraft:brewing_stand":1,"minecraft:golden_sword":3,"minecraft:music_disc_cat":1,"minecraft:amethyst_block":1,"alexsmobs:gazelle_horn":3,"minecraft:string":42,"irons_spellbooks:graybeard_staff":1,"minecraft:raw_copper":20,"minecraft:iron_leggings":3,"minecraft:shroomlight":1,"minecraft:smooth_stone":2,"minecraft:sea_pickle":1,"irons_spellbooks:arcane_essence":34,"minecraft:diamond_leggings":2,"minecraft:gold_nugget":52,"minecraft:cobbled_deepslate":546,"minecraft:spruce_planks":8,"minecraft:cobblestone_slab":1,"minecraft:iron_pickaxe":1,"minecraft:iron_boots":2,"minecraft:furnace":1,"minecraft:golden_helmet":2,"minecraft:stick":7,"apotheosis:gem":36,"minecraft:torch":6,"minecraft:acacia_log":1,"minecraft:porkchop":28,"tombstone:grave_dust":22,"minecraft:diorite":10,"irons_spellbooks:fire_rune":1,"minecraft:golden_chestplate":5,"minecraft:stone_sword":12,"minecraft:light_gray_bed":3,"minecraft:rotten_flesh":141,"minecraft:cyan_terracotta":3,"farmersdelight:rope":9,"supplementaries:ash":74,"minecraft:music_disc_wait":1,"minecraft:iron_bars":5,"alexsmobs:flying_fish":1,"minecraft:cobblestone":64,"minecraft:birch_log":1,"minecraft:enchanting_table":2,"create_dd:raw_tin":8,"minecraft:mossy_cobblestone_slab":1,"minecraft:leather_chestplate":3,"minecraft:feather":4,"minecraft:cooked_beef":3,"create_dd:dolomite":13,"minecraft:andesite":9,"minecraft:jungle_log":2,"minecraft:golden_leggings":2,"minecraft:dark_oak_boat":4,"minecraft:flint":1,"minecraft:tuff":64,"supplementaries:flax_seeds":6,"alexsmobs:cooked_kangaroo_meat":1,"minecraft:horn_coral":1,"minecraft:wither_skeleton_skull":1,"minecraft:dirt":45,"minecraft:cut_sandstone_slab":2,"minecraft:name_tag":1,"artifacts:shock_pendant":1,"born_in_chaos_v1:monster_skin":3,"minecraft:leather_boots":6,"irons_spellbooks:hogskin":7,"minecraft:bone":98,"minecraft:bow":1,"minecraft:wheat_seeds":5,"minecraft:raw_gold":27,"minecraft:cobbled_deepslate_slab":1,"minecraft:mossy_stone_bricks":1,"minecraft:diamond_helmet":1,"minecraft:glowstone_dust":2,"minecraft:moss_block":1,"minecraft:oak_planks":22,"minecraft:ghast_tear":1,"minecraft:cooked_porkchop":18,"irons_spellbooks:legendary_ink":2,"patchouli:guide_book":1,"minecraft:stripped_acacia_wood":1,"minecraft:poisonous_potato":1,"minecraft:lily_of_the_valley":2,"minecraft:barrel":1,"minecraft:mossy_cobblestone":1,"minecraft:dark_prismarine":11,"minecraft:bundle":9,"graveyard:upper_bone_staff":3,"alexsmobs:kangaroo_hide":2,"minecraft:diamond":20,"minecraft:crossbow":1,"graveyard:lower_bone_staff":1,"minecraft:granite":35,"minecraft:bone_meal":2,"minecraft:golden_apple":1,"minecraft:bread":25,"scalinghealth:cursed_heart":1,"minecraft:chainmail_helmet":4,"minecraft:golden_horse_armor":1,"minecraft:emerald":8,"born_in_chaos_v1:rotten_fish":4,"minecraft:oak_sapling":1,"minecraft:netherrack":2,"minecraft:andesite_slab":2,"minecraft:crafting_table":4,"minecraft:mud":3,"born_in_chaos_v1:diamond_termite_shard":4,"minecraft:splash_potion":1,"minecraft:ladder":2,"minecraft:nether_wart":2,"born_in_chaos_v1:seedof_chaos":1,"minecraft:leather_leggings":2,"minecraft:stone_brick_wall":1,"minecraft:gold_block":3,"minecraft:diamond_horse_armor":1,"minecraft:shield":1,"minecraft:fire_coral":1,"minecraft:iron_axe":2,"minecraft:flint_and_steel":4,"minecraft:item_frame":3,"artifacts:fire_gauntlet":1,"graveyard:corruption":1,"minecraft:cracked_stone_bricks":1,"minecraft:beef":1,"alexsmobs:elastic_tendon":1,"minecraft:poppy":2,"minecraft:light_gray_wool":2,"minecraft:spruce_slab":8,"minecraft:chest":1,"minecraft:birch_sapling":1,"alexsmobs:skelewag_sword":3,"minecraft:phantom_membrane":9,"minecraft:spruce_trapdoor":6,"minecraft:egg":3,"minecraft:raw_iron":56,"minecraft:polished_deepslate_slab":2,"artifacts:vampiric_glove":1,"minecraft:carrot":1,"minecraft:redstone":12,"minecraft:dark_oak_planks":13,"irons_spellbooks:evocation_rune":1,"minecraft:tnt":1,"irons_spellbooks:gold_spell_book":1,"minecraft:diamond_chestplate":2,"minecraft:arrow":43,"minecraft:stone_shovel":1,"minecraft:diamond_boots":1,"born_in_chaos_v1:spiny_shell":3,"minecraft:saddle":2,"minecraft:gold_ingot":64,"alexsmobs:kangaroo_meat":1,"minecraft:skeleton_skull":17,"minecraft:white_wool":9,"born_in_chaos_v1:corpse_maggot":78,"minecraft:netherite_boots":1,"farmersdelight:rich_soil":1,"born_in_chaos_v1:monster_flesh":5,"minecraft:golden_carrot":8,"minecraft:leather":17,"minecraft:acacia_wood":1,"minecraft:birch_planks":4,"minecraft:oak_log":45,"minecraft:chainmail_chestplate":2,"scalinghealth:bandages":9,"minecraft:cobblestone_wall":34,"minecraft:gunpowder":9,"scalinghealth:heart_crystal":20,"scalinghealth:medkit":1,"farmersdelight:organic_compost":1,"minecraft:cooked_mutton":13,"irons_spellbooks:common_ink":1,"minecraft:apple":4,"minecraft:stone_bricks":13,"farmersdelight:cooking_pot":3,"minecraft:kelp":1,"minecraft:iron_ingot":6,"minecraft:stone_pickaxe":3,"minecraft:cobweb":5,"scalinghealth:power_crystal_shard":2,"minecraft:stripped_oak_wood":1,"tombstone:bag_of_seeds":2,"minecraft:glass_bottle":2,"minecraft:iron_sword":1,"artifacts:obsidian_skull":1,"scalinghealth:heart_crystal_shard":27,"endrem:witch_pupil":1,"minecraft:stone_brick_slab":8,"born_in_chaos_v1:ethereal_spirit":3,"minecraft:dandelion":1,"minecraft:gravel":7,"minecraft:birch_stairs":1,"minecraft:amethyst_shard":9,"minecraft:white_bed":2,"artifacts:scarf_of_invisibility":1,"minecraft:mossy_stone_brick_slab":3,"minecraft:spider_eye":5,"minecraft:leather_helmet":4,"minecraft:purple_bed":1,"minecraft:slime_ball":3,"create_dd:gabbro":11,"minecraft:chainmail_leggings":1,"minecraft:stripped_jungle_wood":4,"minecraft:baked_potato":1,"tombstone:magic_scroll":1,"minecraft:coal":10,"minecraft:ender_pearl":4},"minecraft:used":{"alexsmobs:small_catfish_bucket":4,"minecraft:mossy_stone_brick_slab":2,"minecraft:rotten_flesh":17,"minecraft:ladder":1,"minecraft:poppy":2,"minecraft:iron_sword":229,"minecraft:iron_chestplate":1,"minecraft:carrot":1,"minecraft:tuff":1,"minecraft:honey_bottle":22,"born_in_chaos_v1:corpse_maggot":50,"minecraft:lava_bucket":1,"minecraft:birch_sapling":1,"minecraft:iron_helmet":2,"minecraft:stone_brick_stairs":3,"minecraft:stone_bricks":2,"minecraft:item_frame":1,"minecraft:netherite_boots":1,"minecraft:bow":70,"minecraft:dark_oak_boat":5,"minecraft:furnace":1,"minecraft:egg":3,"minecraft:mossy_stone_bricks":1,"minecraft:oak_planks":173,"farmersdelight:organic_compost":1,"minecraft:golden_apple":18,"minecraft:white_wool":1,"minecraft:dark_oak_trapdoor":2,"alexsmobs:skelewag_sword":1,"scalinghealth:cursed_heart":1,"minecraft:netherite_helmet":1,"minecraft:lingering_potion":1,"alexsmobs:terrapin_bucket":1,"minecraft:bread":37,"tombstone:grave_key":21,"create_dd:dolomite":3,"minecraft:diamond_sword":877,"minecraft:smithing_table":5,"minecraft:andesite":2,"minecraft:experience_bottle":22,"minecraft:stripped_acacia_wood":1,"minecraft:iron_bars":1,"minecraft:enchanting_table":2,"minecraft:stone_sword":68,"minecraft:flint_and_steel":12,"minecraft:spruce_planks":1,"farmersdelight:rich_soil":1,"minecraft:netherrack":2,"minecraft:torch":16,"minecraft:dirt":3,"scalinghealth:heart_crystal":29,"alexsmobs:cooked_kangaroo_meat":2,"minecraft:diamond_helmet":1,"minecraft:granite":6,"create_dd:gabbro":3,"minecraft:shroomlight":1,"apotheosis:ender_lead":2,"minecraft:dark_oak_planks":16,"minecraft:iron_axe":153,"stalwart_dungeons:diamond_hammer":1,"alexsmobs:platypus_bucket":1,"minecraft:iron_boots":3,"minecraft:diamond_chestplate":2,"minecraft:light_gray_wool":1,"minecraft:golden_carrot":30,"farmersdelight:cooking_pot":3,"scalinghealth:bandages":1,"tombstone:gift":14,"minecraft:cooked_beef":3,"minecraft:cobbled_deepslate":136,"minecraft:light_gray_bed":3,"minecraft:enchanted_golden_apple":1,"minecraft:iron_leggings":3,"minecraft:water_bucket":199,"minecraft:birch_planks":3,"minecraft:glass_bottle":1,"minecraft:baked_potato":1,"minecraft:cobblestone_slab":1,"minecraft:leather_boots":1,"minecraft:polished_deepslate_slab":1,"minecraft:tnt":1,"minecraft:crafting_table":8,"supplementaries:bomb":6,"minecraft:white_bed":1,"alexsmobs:flying_fish":1,"minecraft:dark_prismarine":5,"minecraft:mud":3,"minecraft:diamond_pickaxe":657,"minecraft:apple":4,"minecraft:iron_pickaxe":324,"scalinghealth:medkit":1,"minecraft:cobblestone":39,"minecraft:potion":6,"minecraft:purple_bed":1,"minecraft:cobbled_deepslate_slab":1,"minecraft:cooked_porkchop":11,"minecraft:turtle_helmet":1,"minecraft:bucket":205,"alexsmobs:animal_dictionary":2,"minecraft:diamond_leggings":1,"minecraft:splash_potion":2,"minecraft:birch_stairs":1},"minecraft:custom":{"minecraft:interact_with_crafting_table":14,"minecraft:open_barrel":168,"minecraft:eat_cake_slice":11,"minecraft:leave_game":15,"minecraft:time_since_death":19011,"minecraft:damage_resisted":381,"minecraft:sprint_one_cm":2043744,"minecraft:drop":553,"minecraft:talked_to_villager":1,"minecraft:play_time":560874,"minecraft:deaths":47,"tombstone:tomb_raiding":3,"minecraft:jump":9088,"minecraft:interact_with_brewingstand":2,"minecraft:walk_on_water_one_cm":97782,"minecraft:interact_with_furnace":6,"minecraft:sleep_in_bed":11,"tombstone:sneak_grave":3,"minecraft:damage_dealt":111228,"minecraft:player_kills":18,"minecraft:crouch_one_cm":85787,"tombstone:undead_killed":171,"tombstone:villager_killed":1,"minecraft:horse_one_cm":175297,"minecraft:interact_with_smithing_table":11,"minecraft:mob_kills":404,"minecraft:damage_dealt_resisted":2408,"minecraft:climb_one_cm":8104,"minecraft:walk_one_cm":1977345,"minecraft:damage_dealt_absorbed":877,"minecraft:sneak_time":16205,"minecraft:walk_under_water_one_cm":146647,"minecraft:boat_one_cm":637728,"minecraft:total_world_time":560874,"tombstone:raider_killed":22,"minecraft:tune_noteblock":1,"minecraft:time_since_rest":17870,"minecraft:damage_taken":48568,"minecraft:damage_absorbed":924,"minecraft:trigger_trapped_chest":7,"tombstone:cast_on_ally":2,"minecraft:swim_one_cm":126871,"minecraft:fly_one_cm":2813269,"minecraft:open_chest":116,"minecraft:fall_one_cm":245043},"minecraft:dropped":{"minecraft:iron_sword":1,"minecraft:acacia_wood":1,"graveyard:upper_bone_staff":2,"minecraft:birch_planks":3,"minecraft:porkchop":27,"minecraft:ender_pearl":1,"minecraft:glass_bottle":16,"minecraft:crafting_table":2,"artifacts:shock_pendant":1,"minecraft:crossbow":1,"create_dd:raw_tin":8,"minecraft:cracked_stone_bricks":1,"minecraft:saddle":2,"minecraft:cut_sandstone_slab":3,"minecraft:leather_helmet":3,"minecraft:item_frame":2,"minecraft:flint":1,"minecraft:cyan_terracotta":3,"born_in_chaos_v1:monster_flesh":5,"minecraft:dirt":42,"tombstone:bag_of_seeds":2,"artifacts:thorn_pendant":1,"irons_spellbooks:hogskin":7,"alexsmobs:skelewag_sword":3,"minecraft:seagrass":3,"minecraft:horn_coral":1,"irons_spellbooks:arcane_essence":26,"minecraft:gold_nugget":52,"irons_spellbooks:gold_spell_book":1,"minecraft:amethyst_shard":1,"minecraft:bone_meal":2,"minecraft:phantom_membrane":10,"minecraft:dark_oak_planks":20,"minecraft:birch_log":1,"minecraft:white_wool":4,"minecraft:gold_ingot":1,"minecraft:bone":31,"minecraft:gravel":17,"irons_spellbooks:fire_rune":1,"alexsmobs:gazelle_horn":3,"minecraft:golden_chestplate":5,"alexsmobs:animal_dictionary":3,"minecraft:cobbled_deepslate":207,"minecraft:stripped_jungle_wood":4,"minecraft:andesite_slab":1,"minecraft:wheat":2,"born_in_chaos_v1:ethereal_spirit":3,"minecraft:rotten_flesh":122,"minecraft:oak_planks":27,"sophisticatedbackpacks:diamond_backpack":1,"patchouli:guide_book":6,"corn_delight:corn_seeds":1,"minecraft:chainmail_chestplate":3,"minecraft:leather_chestplate":3,"supplementaries:flax_seeds":6,"supplementaries:ash":75,"alexsmobs:elastic_tendon":1,"born_in_chaos_v1:seedof_chaos":1,"minecraft:gunpowder":5,"apotheosis:gem":33,"minecraft:jungle_log":2,"born_in_chaos_v1:corpse_maggot":28,"minecraft:stone_brick_wall":1,"minecraft:leather_boots":5,"minecraft:chest":1,"minecraft:ladder":1,"born_in_chaos_v1:diamond_termite_shard":4,"farmersdelight:rope":9,"minecraft:leather_leggings":2,"minecraft:spruce_slab":8,"minecraft:iron_bars":2,"minecraft:beef":1,"artifacts:scarf_of_invisibility":1,"minecraft:stone_brick_stairs":18,"minecraft:enchanted_book":8,"minecraft:iron_ingot":4,"minecraft:wheat_seeds":5,"minecraft:golden_helmet":2,"minecraft:golden_horse_armor":1,"minecraft:diamond_leggings":2,"minecraft:poisonous_potato":1,"minecraft:feather":4,"minecraft:cobblestone":25,"minecraft:book":1,"minecraft:amethyst_block":1,"minecraft:granite":6,"minecraft:chainmail_helmet":4,"minecraft:coal":3,"minecraft:stick":8,"irons_spellbooks:scroll":10,"minecraft:diamond_horse_armor":1,"minecraft:diorite":9,"minecraft:torch":26,"irons_spellbooks:evocation_rune":1,"tombstone:grave_key":1,"minecraft:wooden_axe":1,"minecraft:diamond_helmet":2,"tombstone:grave_dust":2,"minecraft:potion":4,"minecraft:iron_leggings":3,"irons_spellbooks:common_ink":1,"minecraft:iron_axe":5,"minecraft:music_disc_wait":1,"minecraft:smooth_stone":2,"minecraft:chainmail_leggings":1,"minecraft:string":1,"minecraft:bucket":1,"minecraft:stone_brick_slab":1,"minecraft:dandelion":1,"minecraft:kelp":1,"minecraft:nether_wart":2,"minecraft:stone_sword":13,"minecraft:cobblestone_wall":34,"minecraft:raw_copper":7,"minecraft:tuff":46,"born_in_chaos_v1:rotten_fish":3,"minecraft:stone_shovel":1,"irons_spellbooks:graybeard_staff":1,"minecraft:light_gray_wool":1,"minecraft:iron_boots":3,"scalinghealth:power_crystal_shard":1,"minecraft:lily_of_the_valley":2,"minecraft:flint_and_steel":3,"create_dd:dolomite":8,"minecraft:diamond_sword":2,"minecraft:shield":1,"minecraft:sea_pickle":1,"minecraft:diamond_chestplate":2,"minecraft:spruce_planks":7,"minecraft:spruce_trapdoor":5,"minecraft:bundle":9,"minecraft:iron_chestplate":1,"minecraft:andesite":6,"born_in_chaos_v1:spiny_shell":3,"minecraft:golden_leggings":2,"minecraft:golden_sword":3,"minecraft:spider_eye":4,"minecraft:stone_bricks":11,"minecraft:slime_ball":8,"minecraft:diamond_boots":2,"minecraft:bow":1,"minecraft:stone_pickaxe":3,"scalinghealth:bandages":8},"minecraft:broken":{"minecraft:diamond_helmet":1,"minecraft:iron_boots":2,"minecraft:iron_chestplate":1,"minecraft:iron_leggings":3,"minecraft:diamond_boots":1,"minecraft:leather_helmet":1,"minecraft:diamond_chestplate":2,"minecraft:netherite_helmet":1,"minecraft:diamond_leggings":1,"minecraft:iron_pickaxe":1,"minecraft:iron_helmet":2,"minecraft:netherite_boots":1},"minecraft:killed":{"born_in_chaos_v1:zombie_clown":1,"minecraft:cave_spider":3,"minecraft:witch":1,"born_in_chaos_v1:zombie_lumberjack":1,"born_in_chaos_v1:restless_spirit":1,"born_in_chaos_v1:skeleton_demoman":1,"irons_spellbooks:pyromancer":1,"minecraft:spider":10,"minecraft:skeleton":27,"alexsmobs:skelewag":2,"irons_spellbooks:archevoker":1,"irons_spellbooks:summoned_skeleton":2,"minecraft:skeleton_horse":1,"alexsmobs:kangaroo":2,"artifacts:mimic":5,"minecraft:pig":6,"born_in_chaos_v1:diamond_termite":4,"irons_spellbooks:necromancer":6,"minecraft:creeper":5,"minecraft:sheep":6,"minecraft:pillager":12,"minecraft:trader_llama":2,"born_in_chaos_v1:zombie_fisherman":1,"minecraft:zombie":64,"born_in_chaos_v1:dread_hound":3,"alexsmobs:maned_wolf":1,"born_in_chaos_v1:corpse_fly":42,"minecraft:cow":1,"irons_spellbooks:summoned_zombie":15,"minecraft:vindicator":2,"alexsmobs:seagull":3,"minecraft:slime":12,"born_in_chaos_v1:thornshell_crab":1,"born_in_chaos_v1:zombie_bruiser":1,"born_in_chaos_v1:maggot":28,"minecraft:phantom":7,"born_in_chaos_v1:corpse_fish":4,"minecraft:drowned":1,"born_in_chaos_v1:barrel_zombie":1,"minecraft:husk":2,"graveyard:ghoul":1,"born_in_chaos_v1:swarmer":1,"minecraft:bat":1,"minecraft:wandering_trader":1,"minecraft:hoglin":7,"born_in_chaos_v1:decrepit_skeleton":3,"born_in_chaos_v1:bloody_gadfly":1,"alexsmobs:gazelle":3,"minecraft:wither_skeleton":12,"minecraft:enderman":2}},"DataVersion":3120}