{"stats":{"minecraft:used":{"minecraft:stripped_acacia_wood":2,"minecraft:trident":14,"epicfight:skillbook":1,"minecraft:stone_pickaxe":25,"minecraft:oak_planks":6,"minecraft:wooden_pickaxe":3,"minecraft:dirt":1,"scalinghealth:heart_crystal":1,"minecraft:cut_sandstone_slab":1,"minecraft:crafting_table":1,"minecraft:lime_bed":2,"minecraft:shroomlight":1,"minecraft:cyan_terracotta":1,"minecraft:apple":1,"soulslikeuniverse:longsword":206,"tombstone:grave_key":2,"fruitsdelight:lemon":11,"minecraft:stone_axe":31,"minecraft:cobblestone":15,"minecraft:beef":2,"minecraft:porkchop":6,"tombstone:gift":4,"alexsmobs:animal_dictionary":1,"soulslikeuniverse:dagger":151,"minecraft:turtle_egg":1},"minecraft:broken":{"soulslikeuniverse:godricksoldier_leggings":1},"minecraft:mined":{"minecraft:cyan_terracotta":2,"minecraft:crafting_table":1,"minecraft:grass_block":1,"minecraft:cobblestone":5,"minecraft:spawner":3,"minecraft:lime_bed":2,"minecraft:grass":2,"minecraft:coal_ore":1,"minecraft:oak_log":30,"minecraft:shroomlight":1,"minecraft:stripped_acacia_wood":2,"minecraft:stone":16,"minecraft:oak_leaves":4},"minecraft:killed":{"minecraft:pig":7,"minecraft:spider":2,"minecraft:slime":8,"minecraft:hoglin":1,"minecraft:phantom":8,"soulslikeuniverse:castleguard":1,"minecraft:horse":1,"minecraft:skeleton":2,"soulslikeuniverse:thief":2,"alexsmobs:blue_jay":2,"soulslikeuniverse:monstergodricksoldier":1,"minecraft:wither_skeleton":8,"minecraft:cow":1},"minecraft:crafted":{"minecraft:oak_planks":120,"minecraft:crafting_table":1,"minecraft:wooden_pickaxe":1,"minecraft:stone_axe":1,"minecraft:stick":8,"minecraft:stone_pickaxe":1},"minecraft:killed_by":{"soulslikeuniverse:hollowsoldier":1,"minecraft:player":1,"minecraft:wither_skeleton":13,"soulslikeuniverse:mountedknight":1,"minecraft:phantom":4,"minecraft:zombie":2,"soulslikeuniverse:castleguard":2},"minecraft:custom":{"minecraft:mob_kills":45,"tombstone:raider_killed":8,"minecraft:interact_with_crafting_table":4,"minecraft:damage_dealt_resisted":822,"minecraft:leave_game":2,"minecraft:time_since_death":3488,"minecraft:sleep_in_bed":1,"minecraft:climb_one_cm":152,"minecraft:damage_resisted":1088,"minecraft:time_since_rest":3085,"minecraft:damage_absorbed":8,"minecraft:sprint_one_cm":293434,"minecraft:damage_taken":7192,"minecraft:walk_one_cm":321171,"minecraft:drop":9,"minecraft:damage_dealt":13733,"minecraft:damage_dealt_absorbed":871,"minecraft:talked_to_villager":3,"minecraft:fly_one_cm":257592,"minecraft:player_kills":1,"minecraft:open_chest":4,"minecraft:crouch_one_cm":5327,"minecraft:play_time":47949,"tombstone:undead_killed":19,"minecraft:deaths":25,"minecraft:sneak_time":1637,"minecraft:walk_under_water_one_cm":8728,"minecraft:jump":620,"minecraft:walk_on_water_one_cm":2232,"minecraft:total_world_time":47949,"minecraft:fall_one_cm":11765},"minecraft:picked_up":{"minecraft:lime_bed":2,"minecraft:crafting_table":1,"minecraft:feather":1,"minecraft:salmon":1,"minecraft:leather":5,"minecraft:potato":1,"minecraft:turtle_egg":1,"minecraft:potion":1,"minecraft:oak_log":30,"minecraft:gunpowder":2,"scalinghealth:heart_crystal":1,"minecraft:dirt":1,"minecraft:string":1,"minecraft:cut_sandstone_slab":1,"irons_spellbooks:hogskin":1,"minecraft:bone":18,"minecraft:shroomlight":1,"minecraft:apple":1,"minecraft:beef":2,"minecraft:oak_planks":1,"minecraft:phantom_membrane":3,"scalinghealth:heart_crystal_shard":11,"minecraft:stripped_acacia_wood":2,"epicfight:skillbook":1,"minecraft:porkchop":23,"soulslikeuniverse:godricksoldier_leggings":1,"fruitsdelight:lemon":17,"minecraft:trident":1,"minecraft:iron_horse_armor":1,"minecraft:bundle":2,"minecraft:arrow":4,"minecraft:rotten_flesh":3,"minecraft:slime_ball":2,"soulslikeuniverse:estusflask":6,"minecraft:stone_axe":1,"minecraft:cyan_terracotta":1,"minecraft:saddle":1,"soulslikeuniverse:repairstone":1,"minecraft:oak_sapling":4,"minecraft:coal":8,"minecraft:cobblestone":21},"minecraft:dropped":{"minecraft:stone_axe":1,"minecraft:wheat_seeds":1,"minecraft:feather":1,"minecraft:oak_sapling":4,"minecraft:potion":1,"minecraft:arrow":4,"minecraft:wooden_pickaxe":1,"minecraft:string":1}},"DataVersion":3120}