{"stats":{"minecraft:crafted":{"tombstone:grave_key":1,"minecraft:chest":1,"minecraft:turtle_helmet":1,"minecraft:wooden_shovel":1,"sophisticatedbackpacks:backpack":1,"minecraft:crafting_table":4,"minecraft:iron_helmet":1,"minecraft:chainmail_chestplate":1,"minecraft:birch_planks":4,"sophisticatedbackpacks:diamond_backpack":1,"minecraft:stick":12,"minecraft:iron_ingot":1,"minecraft:iron_pickaxe":1,"minecraft:iron_nugget":9,"irons_spellbooks:graybeard_staff":1,"minecraft:iron_axe":1,"minecraft:dark_oak_planks":68,"irons_spellbooks:gold_spell_book":1,"sophisticatedbackpacks:iron_backpack":1,"sophisticatedbackpacks:gold_backpack":1,"minecraft:jungle_planks":12},"minecraft:used":{"irons_spellbooks:inscription_table":5,"minecraft:iron_shovel":3,"minecraft:iron_sword":503,"minecraft:rotten_flesh":19,"minecraft:carrot":41,"minecraft:tuff":2,"born_in_chaos_v1:corpse_maggot":11,"soulslikeuniverse:estusflask":20,"minecraft:red_carpet":10,"minecraft:bow":11,"minecraft:sweet_berries":23,"soulslikeuniverse:roundshield":11,"minecraft:potato":5,"epicfight:skillbook":7,"minecraft:oak_planks":3,"minecraft:ender_pearl":1,"artifacts:eternal_steak":98,"minecraft:golden_apple":4,"minecraft:cave_spider_spawn_egg":1,"cataclysm:lionfish":1,"minecraft:creeper_spawn_egg":2,"born_in_chaos_v1:monster_flesh":1,"minecraft:bread":18,"tombstone:grave_key":11,"born_in_chaos_v1:rotten_fish":1,"minecraft:chainmail_boots":1,"minecraft:smithing_table":9,"minecraft:andesite":3,"minecraft:poisonous_potato":2,"soulslikeuniverse:dagger":882,"minecraft:golden_pickaxe":32,"minecraft:experience_bottle":3,"minecraft:stone_shovel":5,"create:veridium":3,"minecraft:silverfish_spawn_egg":2,"minecraft:torch":13,"minecraft:dirt":1,"scalinghealth:heart_crystal":23,"tombstone:scroll_of_aquatic_life":1,"minecraft:chainmail_chestplate":1,"minecraft:stone_brick_slab":1,"minecraft:dark_oak_planks":65,"minecraft:chipped_anvil":1,"minecraft:iron_axe":131,"minecraft:totem_of_undying":1,"fruitsdelight:lemon":2,"minecraft:diamond_chestplate":1,"artifacts:everlasting_beef":1,"minecraft:beef":2,"scalinghealth:bandages":1,"tombstone:gift":12,"minecraft:cooked_beef":6,"minecraft:cobbled_deepslate":92,"minecraft:golden_axe":24,"minecraft:cobblestone_stairs":1,"farmersdelight:golden_knife":34,"minecraft:polished_deepslate_slab":1,"minecraft:crafting_table":7,"soulslikeuniverse:rustysteel_chestplate":1,"supplementaries:bomb":1,"tombstone:bag_of_seeds":3,"minecraft:chicken":1,"minecraft:iron_pickaxe":167,"minecraft:stone_axe":2,"minecraft:purple_bed":5,"minecraft:porkchop":16},"minecraft:custom":{"minecraft:interact_with_crafting_table":26,"minecraft:open_barrel":50,"minecraft:leave_game":5,"minecraft:time_since_death":2203,"minecraft:damage_resisted":63,"minecraft:sprint_one_cm":2036530,"minecraft:damage_blocked_by_shield":930,"minecraft:drop":382,"minecraft:play_noteblock":6,"minecraft:talked_to_villager":5,"minecraft:play_time":334820,"minecraft:deaths":41,"minecraft:jump":9813,"minecraft:walk_on_water_one_cm":76444,"minecraft:interact_with_furnace":5,"minecraft:interact_with_cartography_table":1,"minecraft:sleep_in_bed":3,"tombstone:sneak_grave":3,"minecraft:damage_dealt":77510,"minecraft:player_kills":1,"minecraft:crouch_one_cm":14141,"tombstone:undead_killed":176,"minecraft:interact_with_smithing_table":43,"minecraft:interact_with_anvil":2,"minecraft:mob_kills":356,"minecraft:interact_with_campfire":6,"minecraft:damage_dealt_resisted":4368,"minecraft:climb_one_cm":12,"minecraft:walk_one_cm":1226321,"minecraft:damage_dealt_absorbed":463,"minecraft:sneak_time":3393,"minecraft:walk_under_water_one_cm":54858,"minecraft:boat_one_cm":141405,"minecraft:total_world_time":334820,"tombstone:raider_killed":11,"minecraft:time_since_rest":1,"minecraft:damage_absorbed":244,"minecraft:damage_taken":35628,"minecraft:trigger_trapped_chest":4,"tombstone:cast_on_ally":1,"minecraft:swim_one_cm":227364,"minecraft:fly_one_cm":3720816,"minecraft:open_chest":61,"minecraft:fall_one_cm":242950},"minecraft:dropped":{"minecraft:iron_sword":1,"graveyard:upper_bone_staff":1,"minecraft:porkchop":6,"minecraft:cooked_beef":2,"minecraft:glow_ink_sac":3,"minecraft:glass_bottle":6,"minecraft:diamond":1,"minecraft:crafting_table":1,"soulslikeuniverse:solarknight_leggings":2,"minecraft:dark_oak_slab":1,"minecraft:scute":2,"minecraft:cracked_stone_bricks":5,"born_in_chaos_v1:pieceofdarkmetal":4,"minecraft:rail":2,"minecraft:leather_helmet":4,"minecraft:flint":1,"minecraft:red_carpet":7,"farmersdelight:rice":2,"minecraft:cod":1,"minecraft:item_frame":1,"minecraft:emerald":1,"soulslikeuniverse:solarknight_chestplate":1,"born_in_chaos_v1:monster_flesh":1,"minecraft:dirt":75,"tombstone:bag_of_seeds":4,"irons_spellbooks:hogskin":3,"graveyard:lower_bone_staff":2,"irons_spellbooks:gold_spell_book":2,"minecraft:amethyst_shard":5,"minecraft:phantom_membrane":6,"minecraft:iron_pickaxe":1,"minecraft:dark_oak_planks":8,"minecraft:white_wool":2,"minecraft:bone":36,"minecraft:gravel":15,"minecraft:note_block":3,"minecraft:stone_axe":1,"minecraft:goat_horn":1,"minecraft:golden_chestplate":1,"minecraft:cobbled_deepslate":53,"minecraft:stripped_jungle_wood":8,"alexsmobs:crocodile_egg":1,"born_in_chaos_v1:ethereal_spirit":1,"minecraft:rotten_flesh":287,"minecraft:oak_planks":1,"soulslikeuniverse:estusflask":11,"minecraft:salmon":5,"minecraft:carrot":7,"patchouli:guide_book":3,"supplementaries:antique_ink":2,"minecraft:chainmail_chestplate":1,"supplementaries:flax_seeds":9,"supplementaries:ash":32,"minecraft:turtle_helmet":1,"minecraft:gunpowder":1,"apotheosis:gem":30,"born_in_chaos_v1:corpse_maggot":39,"minecraft:beetroot_seeds":8,"minecraft:melon_seeds":4,"minecraft:stone_brick_wall":1,"minecraft:leather_boots":1,"born_in_chaos_v1:diamond_termite_shard":1,"minecraft:chest":1,"farmersdelight:rope":27,"minecraft:leather_leggings":4,"minecraft:spruce_slab":4,"minecraft:arrow":19,"minecraft:beef":14,"minecraft:stone_brick_stairs":9,"minecraft:iron_ingot":2,"minecraft:enchanted_book":1,"wom:netherite_chains":1,"irons_spellbooks:divine_pearl":4,"minecraft:wheat_seeds":5,"minecraft:diamond_leggings":1,"minecraft:poisonous_potato":4,"minecraft:iron_helmet":6,"minecraft:feather":2,"minecraft:cobblestone":12,"minecraft:granite":10,"minecraft:tropical_fish":4,"minecraft:chainmail_helmet":1,"minecraft:coal":8,"minecraft:stick":10,"minecraft:pufferfish":2,"irons_spellbooks:scroll":4,"farmersdelight:golden_knife":1,"minecraft:diorite":11,"minecraft:torch":1,"minecraft:diamond_helmet":1,"tombstone:grave_dust":6,"minecraft:iron_leggings":5,"soulslikeuniverse:soldier_boots":2,"minecraft:iron_axe":4,"minecraft:chipped_anvil":2,"minecraft:iron_shovel":2,"minecraft:string":8,"alexsmobs:crocodile_scute":1,"minecraft:stone_sword":5,"minecraft:raw_copper":9,"minecraft:cobblestone_wall":2,"minecraft:cocoa_beans":4,"soulslikeuniverse:repairstone":1,"minecraft:raw_iron":5,"irons_spellbooks:uncommon_ink":1,"farmersdelight:cabbage_seeds":1,"minecraft:stone_shovel":1,"irons_spellbooks:graybeard_staff":1,"minecraft:chicken":1,"minecraft:pumpkin_seeds":6,"minecraft:lily_of_the_valley":1,"minecraft:potato":4,"minecraft:diamond_chestplate":1,"minecraft:spruce_trapdoor":5,"minecraft:spruce_planks":21,"minecraft:iron_chestplate":3,"soulslikeuniverse:assassin_leggings":1,"minecraft:mossy_stone_bricks":1,"artifacts:eternal_steak":1,"minecraft:spider_eye":15,"minecraft:barrel":1,"minecraft:stone_bricks":3,"minecraft:slime_ball":18,"minecraft:bow":1,"minecraft:stone_pickaxe":1,"minecraft:raw_gold":2,"wom:demon_seal":1,"epicfight:skillbook":2},"minecraft:mined":{"graveyard:lower_bone_staff":2,"minecraft:spawner":9,"minecraft:iron_ore":5,"minecraft:fire":3,"minecraft:cobbled_deepslate":1,"scalinghealth:deepslate_power_crystal_ore":2,"create:veridium":4,"minecraft:amethyst_cluster":1,"born_in_chaos_v1:infected_deepslate_diamond_ore":2,"minecraft:torch":1,"minecraft:note_block":4,"minecraft:chest":1,"minecraft:cobblestone":1,"graveyard:lying_skeleton":1,"minecraft:oak_planks":7,"minecraft:dark_oak_slab":1,"minecraft:mud":3,"minecraft:birch_log":1,"minecraft:tnt":1,"minecraft:grass":13,"minecraft:sand":5,"minecraft:dirt":6,"minecraft:oak_leaves":4,"minecraft:deepslate":114,"graveyard:torso_pile":1,"minecraft:tuff":2,"minecraft:deepslate_diamond_ore":12,"born_in_chaos_v1:infected_diamond_ore":1,"minecraft:dark_oak_fence":2,"minecraft:stripped_jungle_wood":3,"minecraft:white_stained_glass":2,"minecraft:spruce_leaves":1,"minecraft:large_fern":1,"fruitsdelight:lemon_tree":2,"minecraft:andesite":5,"minecraft:bookshelf":1,"minecraft:vine":6,"irons_spellbooks:inscription_table":6,"minecraft:stone":12,"minecraft:smithing_table":10,"create_dd:deepslate_tin_ore":6,"minecraft:crafting_table":4,"minecraft:tall_grass":1,"graveyard:tg_grass_block":2,"supplementaries:urn":4,"minecraft:purple_bed":5,"minecraft:gravel":9,"minecraft:cobweb":24,"minecraft:stone_bricks":3,"minecraft:chipped_anvil":2,"minecraft:fern":2},"minecraft:killed":{"soulslikeuniverse:hollowknight":1,"minecraft:cave_spider":14,"born_in_chaos_v1:zombie_lumberjack":2,"born_in_chaos_v1:door_knight_not_despawn":1,"minecraft:spider":15,"minecraft:skeleton":19,"minecraft:chicken":4,"minecraft:silverfish":2,"irons_spellbooks:summoned_skeleton":2,"artifacts:mimic":1,"soulslikeuniverse:shadowassassin":3,"minecraft:zombie_villager":3,"alexsmobs:seal":1,"irons_spellbooks:necromancer":2,"minecraft:creeper":4,"minecraft:pillager":8,"minecraft:zombie":108,"soulslikeuniverse:monstergodricksoldier":1,"born_in_chaos_v1:corpse_fly":29,"born_in_chaos_v1:door_knight":1,"minecraft:cow":12,"minecraft:evoker":1,"irons_spellbooks:summoned_zombie":10,"graveyard:nightmare":1,"minecraft:vindicator":1,"minecraft:slime":12,"born_in_chaos_v1:thornshell_crab":1,"born_in_chaos_v1:zombie_bruiser":3,"born_in_chaos_v1:maggot":21,"minecraft:phantom":1,"soulslikeuniverse:thief":1,"soulslikeuniverse:hollowsoldier":1,"born_in_chaos_v1:corpse_fish":3,"cataclysm:lionfish":1,"soulslikeuniverse:monsterhollow":6,"goblintraders:goblin_trader":1,"soulslikeuniverse:solaire":2,"born_in_chaos_v1:barrel_zombie":3,"cataclysm:deepling_angler":1,"minecraft:husk":1,"graveyard:ghoul":1,"alexsmobs:skunk":1,"minecraft:bat":1,"minecraft:hoglin":2,"born_in_chaos_v1:decrepit_skeleton":5,"soulslikeuniverse:castleguard":1,"born_in_chaos_v1:bloody_gadfly":2,"alexsmobs:crocodile":2,"soulslikeuniverse:armedhollow":1,"minecraft:wither_skeleton":4,"minecraft:enderman":1},"minecraft:broken":{"minecraft:iron_boots":1,"minecraft:chainmail_boots":1,"minecraft:diamond_boots":1,"minecraft:iron_sword":2,"soulslikeuniverse:rustysteel_chestplate":1,"minecraft:diamond_chestplate":1,"soulslikeuniverse:lunatic_leggings":1,"minecraft:chainmail_leggings":1,"minecraft:golden_axe":1,"minecraft:iron_helmet":4,"minecraft:golden_pickaxe":1,"soulslikeuniverse:dagger":1,"minecraft:turtle_helmet":1,"soulslikeuniverse:godricksoldier_helmet":1,"soulslikeuniverse:rustysteel_leggings":1},"minecraft:killed_by":{"minecraft:wither_skeleton":2,"minecraft:creeper":2,"born_in_chaos_v1:zombie_bruiser":1,"soulslikeuniverse:madknight":2,"soulslikeuniverse:hollowsoldier":1,"minecraft:vindicator":2,"born_in_chaos_v1:diamond_termite":1,"minecraft:witch":1,"minecraft:zombie":6,"soulslikeuniverse:castleguard":2,"minecraft:player":7,"minecraft:spider":1,"born_in_chaos_v1:fallen_chaos_knight":1,"soulslikeuniverse:monstergodricksoldier":1,"born_in_chaos_v1:decrepit_skeleton":1,"alexsmobs:centipede_head":1,"minecraft:skeleton":6,"minecraft:phantom":2,"soulslikeuniverse:hollowknight":1},"minecraft:picked_up":{"irons_spellbooks:scroll":6,"minecraft:iron_chestplate":3,"minecraft:chainmail_boots":1,"minecraft:smithing_table":10,"soulslikeuniverse:blasphemyfragment":1,"minecraft:enchanted_book":1,"minecraft:stone_brick_stairs":9,"minecraft:string":46,"minecraft:raw_copper":2,"irons_spellbooks:graybeard_staff":2,"minecraft:iron_leggings":8,"minecraft:pufferfish":2,"irons_spellbooks:arcane_essence":56,"minecraft:diamond_leggings":1,"soulslikeuniverse:hollowsoul":11,"minecraft:cobbled_deepslate":144,"minecraft:spruce_planks":21,"minecraft:iron_pickaxe":1,"irons_spellbooks:inscription_table":6,"minecraft:iron_boots":1,"minecraft:stick":2,"apotheosis:gem":47,"minecraft:torch":14,"epicfight:skillbook":15,"minecraft:porkchop":16,"minecraft:golden_axe":1,"fruitsdelight:lemon":2,"tombstone:grave_dust":40,"minecraft:diorite":11,"minecraft:golden_chestplate":1,"minecraft:stone_sword":3,"minecraft:rotten_flesh":308,"minecraft:tropical_fish":4,"soulslikeuniverse:estusflask":54,"soulslikeuniverse:roundshield":1,"artifacts:villager_hat":1,"supplementaries:antique_ink":2,"soulslikeuniverse:lunatic_leggings":1,"farmersdelight:rope":18,"create:veridium":4,"artifacts:panic_necklace":1,"supplementaries:ash":39,"minecraft:cod":1,"minecraft:cobblestone":12,"minecraft:birch_log":1,"create_dd:raw_tin":6,"minecraft:feather":2,"minecraft:cooked_beef":8,"farmersdelight:rice":1,"minecraft:andesite":5,"minecraft:potato":1,"minecraft:flint":1,"minecraft:tuff":2,"minecraft:dirt":76,"minecraft:leather_boots":1,"soulslikeuniverse:solarknight_chestplate":3,"irons_spellbooks:hogskin":5,"minecraft:bone":56,"minecraft:chipped_anvil":3,"minecraft:bow":5,"minecraft:wheat_seeds":5,"minecraft:raw_gold":2,"minecraft:mossy_stone_bricks":1,"minecraft:diamond_helmet":1,"minecraft:oak_planks":13,"soulslikeuniverse:rustysteel_chestplate":1,"patchouli:guide_book":3,"minecraft:poisonous_potato":6,"alexsmobs:crocodile_egg":1,"minecraft:dark_oak_log":3,"minecraft:lily_of_the_valley":1,"minecraft:barrel":1,"alexsmobs:animal_dictionary":1,"cataclysm:lionfish":1,"minecraft:bundle":4,"graveyard:upper_bone_staff":1,"minecraft:diamond":18,"irons_spellbooks:divine_pearl":4,"minecraft:crossbow":1,"graveyard:lower_bone_staff":2,"minecraft:granite":10,"minecraft:golden_apple":4,"soulslikeuniverse:dagger":1,"minecraft:chainmail_helmet":2,"minecraft:emerald":1,"born_in_chaos_v1:rotten_fish":1,"irons_spellbooks:uncommon_ink":1,"minecraft:cocoa_beans":2,"soulslikeuniverse:assassin_leggings":1,"minecraft:crafting_table":5,"born_in_chaos_v1:diamond_termite_shard":1,"minecraft:chicken":2,"minecraft:turtle_helmet":2,"minecraft:leather_leggings":3,"minecraft:stone_brick_wall":1,"minecraft:iron_axe":4,"minecraft:item_frame":1,"minecraft:iron_shovel":2,"graveyard:corruption":3,"minecraft:cracked_stone_bricks":5,"minecraft:beef":22,"wom:demon_seal":1,"minecraft:spruce_slab":4,"minecraft:chest":1,"farmersdelight:golden_knife":1,"minecraft:spruce_trapdoor":5,"soulslikeuniverse:solarknight_leggings":3,"minecraft:phantom_membrane":10,"minecraft:raw_iron":5,"minecraft:polished_deepslate_slab":1,"minecraft:note_block":3,"soulslikeuniverse:soldier_boots":2,"born_in_chaos_v1:pieceofdarkmetal":4,"minecraft:carrot":8,"alexsmobs:crocodile_scute":2,"minecraft:dark_oak_planks":20,"artifacts:everlasting_beef":1,"irons_spellbooks:gold_spell_book":3,"minecraft:arrow":44,"minecraft:stone_shovel":1,"minecraft:diamond_chestplate":4,"minecraft:beetroot_seeds":4,"minecraft:diamond_boots":2,"minecraft:gold_ingot":21,"tombstone:essence_of_undeath":1,"minecraft:totem_of_undying":1,"soulslikeuniverse:repairstone":19,"minecraft:rail":2,"minecraft:white_wool":2,"born_in_chaos_v1:corpse_maggot":53,"soulslikeuniverse:rustysteelshield":1,"born_in_chaos_v1:monster_flesh":2,"artifacts:eternal_steak":2,"minecraft:glow_ink_sac":3,"minecraft:salmon":5,"soulslikeuniverse:rustysteel_leggings":1,"minecraft:leather":20,"minecraft:chainmail_chestplate":3,"scalinghealth:bandages":7,"minecraft:cobblestone_wall":2,"minecraft:gunpowder":5,"minecraft:cobblestone_stairs":1,"scalinghealth:heart_crystal":23,"scalinghealth:medkit":1,"tombstone:gift":3,"minecraft:red_carpet":17,"minecraft:stone_bricks":3,"soulslikeuniverse:godricksoldier_helmet":1,"minecraft:iron_ingot":65,"scalinghealth:power_crystal_shard":6,"tombstone:bag_of_seeds":7,"minecraft:glass_bottle":6,"minecraft:iron_sword":3,"minecraft:book":33,"soulslikeuniverse:sai":1,"scalinghealth:heart_crystal_shard":13,"minecraft:dark_oak_slab":1,"epicfight:stone_greatsword":1,"minecraft:sweet_berries":17,"minecraft:stone_brick_slab":1,"born_in_chaos_v1:ethereal_spirit":1,"minecraft:gravel":15,"minecraft:amethyst_shard":13,"minecraft:spruce_sapling":6,"minecraft:spider_eye":15,"minecraft:leather_helmet":4,"minecraft:pumpkin_seeds":3,"minecraft:purple_bed":5,"minecraft:slime_ball":18,"minecraft:stone_axe":1,"wom:netherite_chains":1,"minecraft:iron_helmet":8,"minecraft:stripped_jungle_wood":11,"minecraft:scute":2,"soulslikeuniverse:knightsoul":2,"tombstone:magic_scroll":4,"minecraft:coal":8,"soulslikeuniverse:smilesticker":1,"minecraft:ender_pearl":3}},"DataVersion":3120}