{"stats":{"minecraft:killed_by":{"born_in_chaos_v1:baby_skeleton_minion":1,"minecraft:spider":1,"minecraft:zombie":1},"minecraft:crafted":{"minecraft:wooden_sword":1,"minecraft:oak_planks":8,"minecraft:stone_shovel":4,"minecraft:crafting_table":2,"minecraft:wooden_pickaxe":1,"minecraft:furnace":1,"minecraft:cobblestone_stairs":8,"minecraft:stone_axe":1,"minecraft:bread":12,"minecraft:jungle_planks":32,"minecraft:stick":24,"minecraft:iron_pickaxe":1,"minecraft:stone_pickaxe":3,"minecraft:wooden_axe":1,"minecraft:dark_oak_planks":36,"minecraft:wheat":36},"minecraft:mined":{"minecraft:smithing_table":1,"create:deepslate_zinc_ore":2,"create_dd:deepslate_tin_ore":2,"minecraft:cobblestone_stairs":4,"minecraft:crafting_table":4,"minecraft:torch":3,"minecraft:grass_block":138,"minecraft:chest":2,"minecraft:tall_grass":19,"minecraft:cobblestone":9,"minecraft:deepslate_coal_ore":1,"minecraft:deepslate_gold_ore":3,"minecraft:oak_planks":1,"minecraft:sugar_cane":1,"minecraft:wall_torch":6,"minecraft:cauldron":2,"supplementaries:urn":1,"minecraft:hay_block":4,"minecraft:white_terracotta":31,"create_dd:gabbro":2,"minecraft:iron_ore":1,"minecraft:cobbled_deepslate":1,"minecraft:stripped_dark_oak_wood":10,"minecraft:fletching_table":2,"minecraft:yellow_bed":7,"minecraft:bell":1,"minecraft:grass":11,"minecraft:oak_log":2,"minecraft:coal_ore":48,"minecraft:dirt_path":10,"minecraft:deepslate_iron_ore":1,"minecraft:sand":18,"minecraft:gravel":7,"minecraft:dirt":300,"minecraft:stone":176,"minecraft:deepslate":13,"minecraft:dark_oak_planks":1},"minecraft:picked_up":{"create_dd:raw_tin":1,"minecraft:crafting_table":4,"minecraft:feather":1,"minecraft:prismarine_shard":3,"minecraft:smithing_table":1,"create:raw_zinc":2,"minecraft:oak_log":2,"tombstone:grave_key":1,"supplementaries:flax_seeds":2,"minecraft:yellow_bed":7,"minecraft:cobblestone_stairs":4,"minecraft:lapis_lazuli":1,"alexsmobs:gazelle_horn":2,"minecraft:dirt":737,"minecraft:wheat_seeds":2,"minecraft:cobbled_deepslate":14,"minecraft:raw_gold":3,"minecraft:bell":1,"minecraft:iron_ingot":3,"minecraft:stone_pickaxe":1,"minecraft:fletching_table":2,"minecraft:light_gray_wool":1,"minecraft:sugar_cane":7,"minecraft:chest":2,"minecraft:oak_planks":1,"minecraft:stick":2,"minecraft:raw_iron":2,"apotheosis:gem":3,"minecraft:dandelion":2,"minecraft:torch":11,"born_in_chaos_v1:ethereal_spirit":1,"minecraft:gravel":5,"minecraft:sand":16,"born_in_chaos_v1:dark_rod":2,"farmersdelight:tomato_seeds":1,"fruitsdelight:lemon":1,"minecraft:carrot":33,"minecraft:prismarine_crystals":4,"minecraft:cauldron":2,"minecraft:dark_oak_planks":1,"minecraft:arrow":1,"minecraft:rotten_flesh":1,"minecraft:slime_ball":1,"create_dd:gabbro":2,"farmersdelight:onion":3,"minecraft:hay_block":4,"minecraft:stripped_jungle_wood":8,"minecraft:stripped_dark_oak_wood":9,"minecraft:white_terracotta":31,"minecraft:oak_sapling":3,"minecraft:coal":49,"minecraft:cobblestone":184},"minecraft:used":{"minecraft:iron_shovel":267,"minecraft:cobblestone_stairs":10,"minecraft:stone_shovel":202,"minecraft:stone_pickaxe":273,"minecraft:wooden_pickaxe":16,"minecraft:white_terracotta":30,"minecraft:fletching_table":1,"minecraft:bell":1,"minecraft:torch":5,"minecraft:dirt":59,"minecraft:crafting_table":4,"minecraft:wooden_axe":23,"minecraft:dark_oak_planks":2,"minecraft:bread":4,"minecraft:iron_pickaxe":56,"minecraft:gravel":5,"minecraft:wooden_sword":37,"minecraft:cobblestone":103,"minecraft:smithing_table":1,"tombstone:gift":1,"minecraft:yellow_bed":6,"alexsmobs:animal_dictionary":1,"minecraft:cobbled_deepslate":6},"minecraft:custom":{"minecraft:mob_kills":7,"minecraft:interact_with_crafting_table":16,"minecraft:open_barrel":17,"minecraft:bell_ring":26,"minecraft:damage_dealt_resisted":6,"minecraft:leave_game":1,"minecraft:time_since_death":35502,"minecraft:sleep_in_bed":3,"minecraft:climb_one_cm":2696,"minecraft:time_since_rest":7924,"minecraft:sprint_one_cm":134683,"minecraft:damage_taken":1459,"minecraft:walk_one_cm":216894,"minecraft:drop":36,"minecraft:damage_dealt":1889,"minecraft:swim_one_cm":463,"minecraft:fly_one_cm":114496,"minecraft:talked_to_villager":3,"minecraft:open_chest":5,"minecraft:crouch_one_cm":5239,"minecraft:play_time":55616,"minecraft:sneak_time":1967,"tombstone:undead_killed":2,"minecraft:deaths":3,"minecraft:walk_under_water_one_cm":556,"minecraft:jump":673,"minecraft:walk_on_water_one_cm":11865,"minecraft:total_world_time":55616,"minecraft:fall_one_cm":16906},"minecraft:dropped":{"farmersdelight:tomato_seeds":8,"minecraft:wheat_seeds":2,"minecraft:lapis_lazuli":1,"alexsmobs:animal_dictionary":1,"minecraft:feather":1,"minecraft:rotten_flesh":1,"minecraft:prismarine_crystals":4,"minecraft:white_terracotta":1,"patchouli:guide_book":2,"minecraft:dirt":383,"tombstone:grave_key":2,"farmersdelight:onion":3,"minecraft:oak_sapling":3,"apotheosis:gem":6,"tombstone:grave_dust":1,"minecraft:slime_ball":1,"minecraft:arrow":1,"minecraft:stone_pickaxe":1,"minecraft:glistering_melon_slice":3,"minecraft:fermented_spider_eye":3,"minecraft:dandelion":2},"minecraft:broken":{"minecraft:stone_pickaxe":2,"minecraft:iron_shovel":1,"minecraft:stone_shovel":1},"minecraft:killed":{"minecraft:spider":1,"minecraft:zombie":1,"born_in_chaos_v1:dark_vortex":1,"born_in_chaos_v1:barrel_zombie":1}},"DataVersion":3120}