{"stats":{"minecraft:killed_by":{"minecraft:wither_skeleton":14,"minecraft:creeper":2,"minecraft:pillager":2,"born_in_chaos_v1:diamond_termite":1,"minecraft:zombie":5,"minecraft:husk":1,"minecraft:player":8,"born_in_chaos_v1:bloody_gadfly":1,"minecraft:spider":1,"irons_spellbooks:necromancer":1,"minecraft:hoglin":2,"alexsmobs:centipede_head":3,"minecraft:skeleton":11,"minecraft:phantom":13,"irons_spellbooks:archevoker":1},"minecraft:crafted":{"minecraft:oak_planks":300,"graveyard:wither_skull_with_rib_cage":1,"patchouli:guide_book":1,"graveyard:creeper_skeleton":1,"graveyard:bone_remains":1,"minecraft:crafting_table":4,"minecraft:spruce_planks":8,"minecraft:wooden_pickaxe":1,"minecraft:smithing_table":1,"minecraft:diamond_pickaxe":1,"sophisticatedbackpacks:diamond_backpack":1,"minecraft:stick":32,"minecraft:iron_ingot":3,"minecraft:iron_pickaxe":2,"minecraft:gold_ingot":36,"minecraft:bone_meal":12,"graveyard:leaning_wither_skeleton":1,"minecraft:stone_pickaxe":1,"graveyard:wither_skull_pile":1,"sophisticatedbackpacks:gold_backpack":1,"minecraft:bucket":1,"graveyard:hanged_skeleton":1,"minecraft:stone_axe":1,"minecraft:air":0,"minecraft:white_bed":1,"minecraft:acacia_planks":12,"minecraft:torch":44},"minecraft:mined":{"minecraft:white_bed":5,"graveyard:hanged_skeleton":2,"minecraft:cut_sandstone_slab":1,"minecraft:spruce_planks":7,"corn_delight:wild_corn":1,"minecraft:granite":3,"minecraft:grass_block":3,"minecraft:light_gray_bed":1,"minecraft:deepslate_bricks":1,"minecraft:spawner":22,"minecraft:iron_ore":67,"minecraft:cobbled_deepslate":17,"fruitsdelight:blueberry_bush":6,"minecraft:anvil":7,"scalinghealth:deepslate_power_crystal_ore":2,"minecraft:iron_bars":2,"create:limestone":1,"minecraft:spruce_slab":4,"minecraft:blackstone":2,"minecraft:clay":2,"born_in_chaos_v1:infected_deepslate_diamond_ore":3,"minecraft:torch":3,"minecraft:blast_furnace":1,"minecraft:calcite":1,"minecraft:cobblestone":16,"minecraft:oak_planks":4,"minecraft:wall_torch":6,"minecraft:amethyst_block":1,"minecraft:skeleton_skull":16,"graveyard:skull_pile":1,"minecraft:light_gray_wool":1,"born_in_chaos_v1:river_mint":1,"minecraft:tnt":3,"minecraft:grass":25,"minecraft:oak_log":86,"minecraft:dirt":24,"minecraft:smooth_basalt":2,"minecraft:oak_leaves":13,"minecraft:deepslate":409,"minecraft:tuff":37,"minecraft:mossy_cobblestone":2,"minecraft:deepslate_diamond_ore":15,"farmersdelight:wild_carrots":12,"minecraft:mangrove_roots":2,"minecraft:stripped_jungle_wood":8,"minecraft:redstone_wire":2,"minecraft:spruce_leaves":12,"minecraft:large_fern":1,"minecraft:spruce_sapling":2,"minecraft:furnace":1,"minecraft:carrots":5,"fruitsdelight:lemon_tree":22,"minecraft:acacia_stairs":3,"minecraft:andesite":14,"create_dd:dolomite":3,"minecraft:bookshelf":5,"minecraft:deepslate_iron_ore":155,"minecraft:vine":4,"irons_spellbooks:inscription_table":1,"minecraft:stone":111,"minecraft:bone_block":6,"minecraft:smithing_table":2,"minecraft:stripped_dark_oak_log":3,"minecraft:stone_brick_slab":1,"minecraft:crafting_table":3,"minecraft:blackstone_slab":1,"minecraft:copper_ore":4,"minecraft:tall_grass":8,"minecraft:deepslate_gold_ore":102,"graveyard:vase_block":1,"minecraft:diorite":7,"supplementaries:urn":59,"minecraft:spruce_stairs":1,"minecraft:purple_bed":3,"minecraft:lime_bed":2,"create_dd:gabbro":9,"minecraft:spruce_log":6,"minecraft:birch_leaves":2,"minecraft:coal_ore":76,"minecraft:cyan_carpet":1,"minecraft:gravel":3,"minecraft:dripstone_block":3,"minecraft:cobweb":3,"minecraft:lodestone":1,"minecraft:cracked_stone_bricks":7,"minecraft:stripped_acacia_wood":5,"minecraft:stone_bricks":8,"minecraft:mossy_stone_bricks":3,"minecraft:gold_ore":5,"minecraft:dark_oak_planks":1},"minecraft:picked_up":{"minecraft:wooden_axe":2,"irons_spellbooks:scroll":10,"minecraft:iron_chestplate":5,"minecraft:chainmail_boots":1,"minecraft:anvil":7,"minecraft:flower_pot":3,"minecraft:smithing_table":2,"minecraft:lead":1,"minecraft:diamond_sword":2,"minecraft:enchanted_book":3,"minecraft:potion":1,"tombstone:grave_key":1,"minecraft:golden_sword":1,"minecraft:amethyst_block":1,"minecraft:string":36,"minecraft:raw_copper":20,"create:limestone":1,"minecraft:iron_leggings":5,"minecraft:oak_sign":2,"irons_spellbooks:arcane_essence":14,"minecraft:gold_nugget":99,"minecraft:cobbled_deepslate":536,"minecraft:spruce_planks":17,"minecraft:written_book":1,"minecraft:calcite":1,"minecraft:iron_pickaxe":4,"minecraft:enchanted_golden_apple":1,"irons_spellbooks:inscription_table":1,"minecraft:iron_boots":2,"minecraft:furnace":1,"minecraft:golden_helmet":1,"minecraft:tipped_arrow":2,"minecraft:stick":11,"apotheosis:gem":35,"irons_spellbooks:wandering_magician_boots":1,"born_in_chaos_v1:shattered_skull":1,"minecraft:torch":23,"minecraft:spruce_stairs":1,"minecraft:porkchop":4,"fruitsdelight:lemon":24,"minecraft:pointed_dripstone":24,"tombstone:grave_dust":48,"minecraft:diorite":7,"irons_spellbooks:fire_rune":1,"minecraft:golden_chestplate":2,"minecraft:stone_sword":2,"minecraft:light_gray_bed":1,"artifacts:lucky_scarf":2,"minecraft:rotten_flesh":93,"supplementaries:antique_ink":7,"minecraft:cyan_terracotta":1,"minecraft:mangrove_roots":2,"supplementaries:ash":73,"supplementaries:quiver":1,"artifacts:panic_necklace":1,"minecraft:iron_bars":2,"minecraft:cobblestone":127,"minecraft:leather_chestplate":1,"minecraft:feather":1,"create_dd:dolomite":3,"minecraft:andesite":25,"minecraft:potato":6,"minecraft:flint":7,"minecraft:tuff":38,"supplementaries:flax_seeds":8,"minecraft:magenta_bed":1,"artifacts:flame_pendant":1,"minecraft:dirt":28,"minecraft:lantern":1,"born_in_chaos_v1:monster_skin":9,"artifacts:shock_pendant":1,"minecraft:leather_boots":2,"irons_spellbooks:hogskin":4,"minecraft:bone":253,"minecraft:bow":7,"minecraft:wheat_seeds":14,"minecraft:raw_gold":147,"minecraft:mossy_stone_bricks":4,"minecraft:oak_planks":6,"patchouli:guide_book":2,"minecraft:stripped_acacia_wood":6,"alexsmobs:crocodile_egg":1,"minecraft:lily_of_the_valley":2,"minecraft:trapped_chest":2,"minecraft:acacia_stairs":3,"alexsmobs:animal_dictionary":1,"minecraft:bundle":5,"graveyard:upper_bone_staff":1,"minecraft:diamond":36,"minecraft:crossbow":2,"minecraft:granite":9,"minecraft:bone_meal":1,"minecraft:chainmail_helmet":1,"minecraft:golden_horse_armor":1,"minecraft:emerald":6,"minecraft:oak_sapling":4,"minecraft:crafting_table":3,"born_in_chaos_v1:diamond_termite_shard":6,"minecraft:splash_potion":1,"minecraft:nether_wart":3,"minecraft:ladder":1,"minecraft:clay_ball":4,"born_in_chaos_v1:seedof_chaos":4,"minecraft:turtle_helmet":1,"minecraft:leather_leggings":3,"minecraft:shield":1,"minecraft:iron_axe":4,"minecraft:flint_and_steel":1,"artifacts:feral_claws":2,"minecraft:item_frame":2,"minecraft:iron_shovel":4,"minecraft:cyan_carpet":1,"graveyard:corruption":2,"supplementaries:bomb":4,"minecraft:cracked_stone_bricks":6,"minecraft:candle":1,"alexsmobs:elastic_tendon":1,"minecraft:iron_nugget":49,"minecraft:poppy":1,"minecraft:light_gray_wool":2,"minecraft:spruce_slab":5,"minecraft:egg":2,"minecraft:phantom_membrane":2,"minecraft:spruce_trapdoor":6,"minecraft:raw_iron":295,"artifacts:vampiric_glove":1,"fruitsdelight:blueberry":9,"born_in_chaos_v1:pieceofdarkmetal":7,"minecraft:carrot":38,"minecraft:redstone":6,"minecraft:dark_oak_planks":2,"minecraft:tnt":1,"irons_spellbooks:gold_spell_book":1,"artifacts:snorkel":1,"corn_delight:corn_seeds":2,"minecraft:arrow":151,"minecraft:stone_shovel":2,"minecraft:diamond_boots":1,"minecraft:gold_ingot":30,"minecraft:glistering_melon_slice":20,"minecraft:totem_of_undying":1,"minecraft:saddle":2,"tombstone:essence_of_undeath":1,"artifacts:pocket_piston":3,"minecraft:mutton":9,"minecraft:skeleton_skull":19,"minecraft:white_wool":6,"minecraft:bone_block":6,"born_in_chaos_v1:fused_bone":2,"born_in_chaos_v1:corpse_maggot":29,"minecraft:lime_bed":2,"born_in_chaos_v1:monster_flesh":14,"minecraft:golden_carrot":10,"minecraft:salmon":1,"minecraft:leather":11,"minecraft:oak_log":86,"minecraft:chainmail_chestplate":5,"scalinghealth:bandages":12,"minecraft:gunpowder":21,"scalinghealth:heart_crystal":29,"minecraft:paper":8,"irons_spellbooks:common_ink":1,"minecraft:red_carpet":9,"minecraft:stone_bricks":9,"alexsmobs:cockroach_wing_fragment":3,"minecraft:iron_ingot":107,"scalinghealth:power_crystal_shard":27,"minecraft:stone_pickaxe":4,"minecraft:cooked_chicken":1,"tombstone:bag_of_seeds":2,"minecraft:glass_bottle":1,"sophisticatedbackpacks:diamond_backpack":1,"minecraft:book":13,"scalinghealth:heart_crystal_shard":45,"minecraft:smooth_basalt":2,"minecraft:red_wool":1,"minecraft:dandelion":1,"minecraft:gravel":2,"minecraft:dripstone_block":2,"minecraft:amethyst_shard":4,"minecraft:blast_furnace":2,"minecraft:spruce_log":6,"minecraft:spruce_sapling":5,"born_in_chaos_v1:fangofthe_hound_leader":1,"minecraft:white_bed":5,"artifacts:scarf_of_invisibility":1,"minecraft:spider_eye":11,"minecraft:leather_helmet":1,"minecraft:purple_bed":3,"minecraft:slime_ball":31,"create_dd:gabbro":9,"minecraft:stone_axe":5,"minecraft:iron_helmet":2,"minecraft:stripped_jungle_wood":12,"minecraft:lodestone":1,"tombstone:magic_scroll":7,"minecraft:stripped_dark_oak_log":5,"minecraft:coal":105,"minecraft:ender_pearl":2},"minecraft:used":{"graveyard:creeper_skeleton":1,"minecraft:spruce_slab":1,"minecraft:ladder":6,"minecraft:iron_chestplate":1,"minecraft:mutton":9,"minecraft:carrot":67,"minecraft:obsidian":2,"minecraft:tuff":20,"minecraft:cyan_terracotta":1,"minecraft:lantern":1,"supplementaries:bomb_blue":1,"minecraft:stone_bricks":6,"minecraft:red_carpet":1,"minecraft:written_book":2,"minecraft:mangrove_roots":2,"minecraft:egg":1,"minecraft:mossy_stone_bricks":1,"minecraft:diorite":7,"minecraft:oak_planks":282,"minecraft:stone_pickaxe":5,"minecraft:wooden_pickaxe":3,"minecraft:diamond_axe":37,"minecraft:cookie":5,"minecraft:golden_apple":17,"graveyard:hanged_skeleton":1,"fruitsdelight:blueberry":1,"scalinghealth:enchanted_heart":1,"minecraft:bread":1,"tombstone:grave_key":36,"create_dd:dolomite":3,"graveyard:wither_skull_with_rib_cage":1,"graveyard:leaning_wither_skeleton":1,"minecraft:diamond_sword":2511,"minecraft:smithing_table":2,"minecraft:andesite":6,"minecraft:experience_bottle":2,"minecraft:spruce_planks":4,"minecraft:cooked_chicken":1,"minecraft:torch":36,"scalinghealth:heart_crystal":34,"minecraft:dirt":10,"minecraft:anvil":1,"create_dd:gabbro":5,"minecraft:wooden_axe":9,"minecraft:iron_axe":110,"minecraft:smooth_basalt":2,"fruitsdelight:lemon":22,"minecraft:diamond_chestplate":1,"graveyard:wither_skull_pile":1,"minecraft:golden_carrot":25,"scalinghealth:bandages":4,"tombstone:gift":6,"minecraft:light_gray_bed":1,"minecraft:cobbled_deepslate":205,"minecraft:enchanted_golden_apple":3,"minecraft:iron_leggings":1,"minecraft:water_bucket":4,"graveyard:bone_remains":1,"minecraft:leather_boots":1,"minecraft:salmon":1,"minecraft:cracked_stone_bricks":4,"farmersdelight:onion":3,"minecraft:stripped_dark_oak_log":3,"minecraft:white_bed":5,"minecraft:lime_bed":2,"supplementaries:bomb":5,"minecraft:tnt":1,"minecraft:crafting_table":7,"minecraft:cake":2,"minecraft:oak_log":4,"minecraft:diamond_pickaxe":688,"minecraft:acacia_stairs":3,"minecraft:apple":1,"tombstone:magic_scroll":1,"minecraft:iron_pickaxe":505,"alexsmobs:crocodile_egg":1,"minecraft:spruce_sapling":5,"minecraft:stone_axe":86,"minecraft:purple_bed":3,"minecraft:porkchop":4,"minecraft:turtle_helmet":1,"minecraft:cobblestone":82,"minecraft:bucket":5,"minecraft:pumpkin_pie":57,"minecraft:splash_potion":1,"irons_spellbooks:inscription_table":1},"minecraft:custom":{"minecraft:interact_with_crafting_table":13,"minecraft:open_barrel":127,"minecraft:bell_ring":3,"minecraft:eat_cake_slice":10,"minecraft:leave_game":6,"minecraft:damage_resisted":9061,"minecraft:time_since_death":85012,"minecraft:sprint_one_cm":1453796,"minecraft:damage_blocked_by_shield":360,"minecraft:drop":663,"minecraft:talked_to_villager":1,"minecraft:play_time":444897,"minecraft:deaths":103,"tombstone:tomb_raiding":3,"minecraft:interact_with_brewingstand":4,"minecraft:jump":10444,"minecraft:walk_on_water_one_cm":76283,"minecraft:interact_with_furnace":7,"minecraft:interact_with_cartography_table":1,"minecraft:sleep_in_bed":14,"minecraft:waystone_activated":2,"tombstone:sneak_grave":13,"minecraft:damage_dealt":176329,"minecraft:player_kills":20,"minecraft:crouch_one_cm":80486,"tombstone:undead_killed":324,"minecraft:interact_with_smoker":1,"minecraft:horse_one_cm":102337,"minecraft:interact_with_smithing_table":9,"minecraft:interact_with_anvil":1,"minecraft:mob_kills":555,"minecraft:damage_dealt_resisted":4233,"minecraft:climb_one_cm":14326,"minecraft:walk_one_cm":2556514,"minecraft:damage_dealt_absorbed":1158,"minecraft:sneak_time":20123,"minecraft:walk_under_water_one_cm":94431,"minecraft:interact_with_blast_furnace":1,"minecraft:total_world_time":444897,"tombstone:raider_killed":35,"minecraft:time_since_rest":8664,"minecraft:damage_absorbed":1138,"minecraft:damage_taken":66201,"minecraft:trigger_trapped_chest":7,"tombstone:cast_on_ally":0,"minecraft:swim_one_cm":250329,"minecraft:fly_one_cm":2806662,"minecraft:open_chest":95,"minecraft:fall_one_cm":315948},"minecraft:dropped":{"minecraft:iron_sword":1,"graveyard:upper_bone_staff":1,"minecraft:porkchop":4,"minecraft:dark_oak_stairs":4,"minecraft:diamond_axe":1,"minecraft:oak_log":109,"minecraft:ender_pearl":1,"minecraft:glass_bottle":2,"minecraft:diamond":6,"artifacts:shock_pendant":1,"minecraft:crossbow":3,"minecraft:leather":12,"minecraft:red_wool":1,"minecraft:cracked_stone_bricks":2,"minecraft:saddle":2,"born_in_chaos_v1:pieceofdarkmetal":2,"minecraft:leather_helmet":1,"minecraft:flint":7,"minecraft:item_frame":2,"minecraft:red_carpet":7,"sophisticatedbackpacks:gold_backpack":1,"minecraft:cobblestone_stairs":1,"born_in_chaos_v1:monster_flesh":14,"minecraft:dirt":36,"tombstone:bag_of_seeds":4,"born_in_chaos_v1:monster_skin":1,"irons_spellbooks:hogskin":2,"irons_spellbooks:arcane_essence":8,"minecraft:gold_nugget":50,"irons_spellbooks:gold_spell_book":2,"minecraft:pumpkin_pie":2,"minecraft:amethyst_shard":4,"minecraft:bone_meal":13,"minecraft:phantom_membrane":3,"minecraft:iron_pickaxe":4,"minecraft:dark_oak_planks":2,"minecraft:birch_log":54,"minecraft:white_wool":3,"minecraft:gold_ingot":30,"minecraft:bone":92,"minecraft:gravel":2,"minecraft:note_block":5,"minecraft:stone_axe":4,"minecraft:iron_nugget":94,"minecraft:golden_chestplate":2,"alexsmobs:animal_dictionary":3,"minecraft:cobbled_deepslate":165,"minecraft:stripped_jungle_wood":16,"minecraft:pointed_dripstone":24,"minecraft:stripped_dark_oak_log":2,"minecraft:rotten_flesh":95,"artifacts:villager_hat":1,"minecraft:oak_planks":8,"create_dd:gabbro":4,"minecraft:carrot":38,"patchouli:guide_book":5,"corn_delight:corn_seeds":2,"supplementaries:antique_ink":1,"minecraft:chainmail_chestplate":5,"minecraft:poppy":1,"minecraft:leather_chestplate":1,"supplementaries:flax_seeds":8,"supplementaries:ash":67,"minecraft:tipped_arrow":2,"minecraft:turtle_helmet":1,"born_in_chaos_v1:seedof_chaos":4,"minecraft:gunpowder":17,"minecraft:skeleton_skull":20,"minecraft:chainmail_boots":1,"born_in_chaos_v1:corpse_maggot":32,"apotheosis:gem":30,"minecraft:leather_boots":2,"born_in_chaos_v1:diamond_termite_shard":6,"artifacts:panic_necklace":1,"create:limestone":1,"minecraft:ladder":1,"minecraft:leather_leggings":3,"minecraft:spruce_slab":4,"minecraft:iron_bars":2,"minecraft:arrow":120,"artifacts:scarf_of_invisibility":1,"minecraft:written_book":1,"minecraft:egg":1,"fruitsdelight:lemon":2,"minecraft:enchanted_book":8,"minecraft:water_bucket":1,"minecraft:iron_ingot":46,"born_in_chaos_v1:shattered_skull":1,"minecraft:wheat_seeds":16,"minecraft:golden_helmet":1,"minecraft:dripstone_block":2,"minecraft:book":12,"scalinghealth:heart_crystal_shard":45,"minecraft:iron_helmet":1,"minecraft:golden_axe":1,"minecraft:feather":1,"minecraft:cobblestone":109,"minecraft:amethyst_block":1,"minecraft:granite":9,"minecraft:spruce_stairs":1,"minecraft:chainmail_helmet":1,"minecraft:coal":67,"minecraft:golden_apple":4,"minecraft:stick":29,"minecraft:magenta_bed":1,"minecraft:cobweb":6,"irons_spellbooks:scroll":10,"minecraft:torch":21,"tombstone:grave_key":2,"minecraft:wooden_axe":2,"tombstone:grave_dust":10,"minecraft:fire_charge":7,"minecraft:potion":2,"minecraft:iron_leggings":3,"minecraft:iron_axe":5,"minecraft:iron_shovel":7,"minecraft:paper":8,"minecraft:string":24,"minecraft:trapped_chest":2,"minecraft:spruce_sapling":6,"minecraft:redstone":13,"minecraft:dandelion":1,"alexsmobs:crocodile_scute":1,"minecraft:stone_sword":4,"minecraft:raw_copper":20,"minecraft:tuff":17,"supplementaries:bomb":4,"minecraft:raw_iron":170,"minecraft:stone_shovel":2,"irons_spellbooks:graybeard_staff":1,"minecraft:wither_skeleton_skull":1,"minecraft:clay_ball":8,"minecraft:light_gray_wool":2,"minecraft:iron_boots":2,"artifacts:flame_pendant":1,"sophisticatedbackpacks:backpack":1,"minecraft:stripped_acacia_wood":3,"scalinghealth:power_crystal_shard":27,"minecraft:oak_sign":2,"minecraft:lily_of_the_valley":2,"minecraft:flint_and_steel":1,"minecraft:blast_furnace":1,"minecraft:diamond_sword":2,"minecraft:potato":3,"supplementaries:quiver":1,"minecraft:mud_bricks":5,"minecraft:shield":1,"minecraft:flower_pot":3,"alexsmobs:cockroach_wing_fragment":3,"minecraft:spruce_planks":12,"minecraft:spruce_trapdoor":6,"minecraft:bundle":4,"minecraft:iron_chestplate":4,"minecraft:andesite":19,"minecraft:mossy_stone_bricks":4,"artifacts:pocket_piston":3,"minecraft:oak_sapling":10,"minecraft:andesite_stairs":2,"minecraft:golden_sword":1,"minecraft:spider_eye":9,"minecraft:stone_bricks":3,"minecraft:slime_ball":10,"minecraft:bow":10,"minecraft:stone_pickaxe":6,"minecraft:wooden_pickaxe":2,"minecraft:raw_gold":38,"minecraft:calcite":1,"scalinghealth:bandages":2},"minecraft:broken":{"minecraft:leather_leggings":1,"minecraft:iron_boots":1,"minecraft:iron_chestplate":1,"minecraft:iron_leggings":3,"minecraft:leather_boots":1,"minecraft:iron_pickaxe":2,"minecraft:iron_helmet":1,"minecraft:turtle_helmet":2},"minecraft:killed":{"minecraft:witch":1,"born_in_chaos_v1:zombie_lumberjack":1,"born_in_chaos_v1:skeleton_demoman":1,"minecraft:spider":33,"alexsmobs:murmur":1,"born_in_chaos_v1:siamese_skeletonsright":1,"minecraft:zombie_horse":1,"born_in_chaos_v1:baby_skeleton_minion":2,"minecraft:skeleton":125,"minecraft:bee":1,"born_in_chaos_v1:skeleton_thrasher":1,"minecraft:silverfish":3,"alexsmobs:centipede_head":3,"irons_spellbooks:summoned_skeleton":3,"alexsmobs:kangaroo":1,"artifacts:mimic":11,"born_in_chaos_v1:bonescaller":3,"born_in_chaos_v1:diamond_termite":7,"minecraft:zombie_villager":2,"irons_spellbooks:necromancer":5,"minecraft:creeper":12,"minecraft:sheep":7,"minecraft:pillager":27,"minecraft:zombie":94,"born_in_chaos_v1:dread_hound":5,"born_in_chaos_v1:corpse_fly":3,"born_in_chaos_v1:siamese_skeletonsleft":1,"minecraft:evoker":1,"irons_spellbooks:summoned_zombie":7,"graveyard:nightmare":1,"alexsmobs:raccoon":2,"minecraft:vindicator":2,"minecraft:slime":19,"born_in_chaos_v1:zombie_bruiser":1,"born_in_chaos_v1:maggot":31,"minecraft:phantom":2,"born_in_chaos_v1:dire_hound_leader":1,"alexsmobs:blue_jay":2,"born_in_chaos_v1:barrel_zombie":2,"minecraft:husk":2,"alexsmobs:skunk":1,"born_in_chaos_v1:baby_skeleton":4,"minecraft:ravager":2,"minecraft:hoglin":5,"born_in_chaos_v1:bloody_gadfly":2,"alexsmobs:cockroach":2,"alexsmobs:crocodile":1,"alexsmobs:gazelle":1,"minecraft:wither_skeleton":23,"minecraft:enderman":7}},"DataVersion":3120}