{"stats":{"minecraft:used":{"minecraft:spruce_slab":1,"minecraft:carrot":67,"minecraft:tuff":9,"minecraft:obsidian":2,"soulslikeuniverse:mace":75,"minecraft:cyan_terracotta":1,"soulslikeuniverse:greedsword":6,"soulslikeuniverse:estusflask":97,"minecraft:stone_bricks":5,"supplementaries:bomb_blue":1,"minecraft:red_carpet":1,"minecraft:mangrove_roots":1,"soulslikeuniverse:roundshield":3,"epicfight:skillbook":18,"minecraft:stone_pickaxe":5,"minecraft:oak_planks":282,"minecraft:wooden_pickaxe":3,"minecraft:diamond_axe":16,"minecraft:golden_apple":16,"scalinghealth:enchanted_heart":1,"tombstone:grave_key":35,"minecraft:diamond_sword":2108,"minecraft:smithing_table":2,"soulslikeuniverse:dagger":22,"minecraft:experience_bottle":2,"minecraft:spruce_planks":4,"minecraft:cooked_chicken":1,"minecraft:torch":27,"minecraft:dirt":7,"minecraft:anvil":1,"scalinghealth:heart_crystal":31,"create_dd:gabbro":5,"soulslikeuniverse:sai":3,"minecraft:wooden_axe":9,"minecraft:iron_axe":110,"fruitsdelight:lemon":13,"minecraft:smooth_basalt":2,"minecraft:golden_carrot":25,"scalinghealth:bandages":4,"tombstone:gift":6,"minecraft:cobbled_deepslate":105,"minecraft:enchanted_golden_apple":3,"minecraft:light_gray_bed":1,"minecraft:leather_boots":1,"minecraft:salmon":1,"minecraft:cracked_stone_bricks":4,"minecraft:stripped_dark_oak_log":3,"minecraft:crafting_table":6,"minecraft:lime_bed":2,"supplementaries:bomb":5,"minecraft:white_bed":4,"minecraft:cake":1,"minecraft:oak_log":1,"minecraft:diamond_pickaxe":131,"minecraft:acacia_stairs":3,"minecraft:apple":1,"minecraft:iron_pickaxe":505,"tombstone:magic_scroll":1,"soulslikeuniverse:longsword":21,"minecraft:stone_axe":86,"minecraft:turtle_helmet":1,"minecraft:cobblestone":10,"minecraft:purple_bed":3,"minecraft:porkchop":4,"minecraft:pumpkin_pie":57,"minecraft:splash_potion":1,"irons_spellbooks:inscription_table":1},"minecraft:broken":{"soulslikeuniverse:towerknight_boots":1,"minecraft:iron_chestplate":1,"minecraft:leather_leggings":1,"minecraft:iron_boots":1,"soulslikeuniverse:soldier_boots":1,"minecraft:iron_leggings":3,"soulslikeuniverse:steelguard_helmet":1,"soulslikeuniverse:sai":1,"soulslikeuniverse:oniknight_leggings":1,"soulslikeuniverse:assassin_helmet":1,"soulslikeuniverse:fullmetalknight_chestplate":1,"soulslikeuniverse:crusader_helmet":1,"minecraft:leather_boots":1,"minecraft:iron_helmet":1,"minecraft:iron_pickaxe":2,"minecraft:turtle_helmet":2,"soulslikeuniverse:steelguard_leggings":1},"minecraft:mined":{"minecraft:dark_oak_planks":1,"minecraft:cut_sandstone_slab":1,"graveyard:hanged_skeleton":1,"minecraft:spruce_planks":7,"minecraft:white_bed":4,"minecraft:granite":3,"minecraft:grass_block":2,"minecraft:light_gray_bed":1,"minecraft:deepslate_bricks":1,"minecraft:spawner":21,"minecraft:iron_ore":50,"minecraft:cobbled_deepslate":14,"minecraft:anvil":7,"scalinghealth:deepslate_power_crystal_ore":2,"create:limestone":1,"minecraft:spruce_slab":4,"minecraft:blackstone":2,"minecraft:clay":2,"born_in_chaos_v1:infected_deepslate_diamond_ore":3,"minecraft:torch":2,"minecraft:calcite":1,"minecraft:cobblestone":6,"minecraft:oak_planks":4,"minecraft:wall_torch":6,"minecraft:amethyst_block":1,"minecraft:skeleton_skull":16,"graveyard:skull_pile":1,"minecraft:light_gray_wool":1,"minecraft:grass":12,"minecraft:oak_log":79,"minecraft:dirt":21,"minecraft:smooth_basalt":2,"minecraft:oak_leaves":5,"minecraft:deepslate":140,"minecraft:tuff":17,"minecraft:mossy_cobblestone":2,"minecraft:deepslate_diamond_ore":10,"farmersdelight:wild_carrots":5,"minecraft:mangrove_roots":1,"minecraft:stripped_jungle_wood":8,"minecraft:furnace":1,"fruitsdelight:lemon_tree":13,"minecraft:acacia_stairs":3,"minecraft:andesite":4,"minecraft:bookshelf":5,"minecraft:deepslate_iron_ore":117,"minecraft:vine":4,"irons_spellbooks:inscription_table":1,"minecraft:stone":43,"minecraft:smithing_table":1,"minecraft:stripped_dark_oak_log":3,"minecraft:stone_brick_slab":1,"minecraft:crafting_table":3,"minecraft:blackstone_slab":1,"minecraft:deepslate_gold_ore":51,"minecraft:copper_ore":2,"minecraft:tall_grass":8,"supplementaries:urn":45,"minecraft:spruce_stairs":1,"minecraft:purple_bed":3,"minecraft:lime_bed":2,"create_dd:gabbro":9,"minecraft:coal_ore":56,"minecraft:lodestone":1,"minecraft:gravel":3,"minecraft:dripstone_block":3,"minecraft:cyan_carpet":1,"minecraft:cobweb":1,"minecraft:cracked_stone_bricks":7,"minecraft:stripped_acacia_wood":5,"minecraft:stone_bricks":7,"minecraft:mossy_stone_bricks":2},"minecraft:killed":{"soulslikeuniverse:hollowknight":2,"born_in_chaos_v1:zombie_lumberjack":1,"soulslikeuniverse:monstercrusader":1,"minecraft:spider":30,"alexsmobs:murmur":1,"born_in_chaos_v1:siamese_skeletonsright":1,"soulslikeuniverse:eliteknight":4,"minecraft:zombie_horse":1,"born_in_chaos_v1:baby_skeleton_minion":1,"minecraft:skeleton":118,"soulslikeuniverse:siegmeyer":2,"born_in_chaos_v1:skeleton_thrasher":1,"alexsmobs:centipede_head":3,"minecraft:silverfish":3,"irons_spellbooks:summoned_skeleton":2,"soulslikeuniverse:templeguard":1,"alexsmobs:kangaroo":1,"artifacts:mimic":6,"soulslikeuniverse:shadowassassin":3,"soulslikeuniverse:havel":1,"born_in_chaos_v1:bonescaller":1,"minecraft:zombie_villager":2,"born_in_chaos_v1:diamond_termite":7,"soulslikeuniverse:prisoncampknight":1,"irons_spellbooks:necromancer":4,"minecraft:creeper":8,"soulslikeuniverse:monstertowerknight":1,"minecraft:pillager":23,"minecraft:zombie":91,"born_in_chaos_v1:dread_hound":3,"born_in_chaos_v1:corpse_fly":3,"soulslikeuniverse:monstergodricksoldier":2,"soulslikeuniverse:badomengiant":1,"born_in_chaos_v1:siamese_skeletonsleft":1,"minecraft:evoker":1,"irons_spellbooks:summoned_zombie":6,"graveyard:nightmare":1,"minecraft:vindicator":2,"minecraft:slime":19,"born_in_chaos_v1:zombie_bruiser":1,"born_in_chaos_v1:maggot":29,"minecraft:phantom":2,"soulslikeuniverse:thief":7,"born_in_chaos_v1:dire_hound_leader":1,"alexsmobs:blue_jay":1,"soulslikeuniverse:hollowsoldier":3,"soulslikeuniverse:darkspirit":1,"soulslikeuniverse:monsterhollow":7,"soulslikeuniverse:solaire":1,"born_in_chaos_v1:barrel_zombie":2,"minecraft:husk":1,"born_in_chaos_v1:baby_skeleton":4,"soulslikeuniverse:mountedknight":8,"minecraft:ravager":2,"minecraft:hoglin":5,"soulslikeuniverse:madknight":1,"soulslikeuniverse:castleguard":5,"soulslikeuniverse:monsterknight":1,"born_in_chaos_v1:bloody_gadfly":2,"alexsmobs:cockroach":1,"soulslikeuniverse:armedhollow":1,"minecraft:wither_skeleton":23,"minecraft:enderman":7},"minecraft:killed_by":{"minecraft:wither_skeleton":14,"minecraft:creeper":2,"soulslikeuniverse:monstertowerknight":3,"minecraft:pillager":2,"soulslikeuniverse:darkspirit":2,"soulslikeuniverse:hollowsoldier":1,"born_in_chaos_v1:diamond_termite":1,"soulslikeuniverse:nobleknight":2,"minecraft:zombie":5,"soulslikeuniverse:castleguard":13,"soulslikeuniverse:thief":1,"soulslikeuniverse:monstercrusader":3,"minecraft:husk":1,"minecraft:player":7,"soulslikeuniverse:eliteknight":1,"born_in_chaos_v1:bloody_gadfly":1,"soulslikeuniverse:monstergodricksoldier":2,"irons_spellbooks:necromancer":1,"alexsmobs:centipede_head":3,"minecraft:hoglin":2,"minecraft:skeleton":11,"minecraft:phantom":13,"irons_spellbooks:archevoker":1,"soulslikeuniverse:monsterblasphemyknight":2,"soulslikeuniverse:hollowknight":3},"minecraft:crafted":{"minecraft:oak_planks":300,"patchouli:guide_book":1,"minecraft:crafting_table":3,"minecraft:wooden_pickaxe":1,"minecraft:smithing_table":1,"minecraft:diamond_pickaxe":1,"sophisticatedbackpacks:diamond_backpack":1,"minecraft:stick":32,"minecraft:iron_ingot":3,"minecraft:iron_pickaxe":2,"minecraft:gold_ingot":36,"minecraft:bone_meal":12,"minecraft:stone_pickaxe":1,"sophisticatedbackpacks:gold_backpack":1,"minecraft:stone_axe":1,"minecraft:air":0,"minecraft:acacia_planks":12,"minecraft:torch":24},"minecraft:custom":{"minecraft:interact_with_crafting_table":11,"minecraft:open_barrel":107,"minecraft:eat_cake_slice":8,"minecraft:leave_game":2,"minecraft:time_since_death":8573,"minecraft:damage_resisted":8119,"minecraft:sprint_one_cm":1319485,"minecraft:damage_blocked_by_shield":360,"minecraft:drop":487,"minecraft:play_time":331790,"minecraft:deaths":99,"tombstone:tomb_raiding":2,"minecraft:jump":8431,"minecraft:interact_with_brewingstand":4,"minecraft:walk_on_water_one_cm":63112,"minecraft:interact_with_furnace":7,"minecraft:sleep_in_bed":12,"minecraft:waystone_activated":2,"tombstone:sneak_grave":12,"minecraft:damage_dealt":151284,"minecraft:player_kills":19,"minecraft:crouch_one_cm":74480,"tombstone:undead_killed":302,"minecraft:interact_with_smithing_table":9,"minecraft:interact_with_anvil":1,"minecraft:mob_kills":500,"minecraft:damage_dealt_resisted":2333,"minecraft:climb_one_cm":10150,"minecraft:walk_one_cm":2048091,"minecraft:damage_dealt_absorbed":1158,"minecraft:sneak_time":17381,"minecraft:walk_under_water_one_cm":87306,"minecraft:total_world_time":331790,"tombstone:raider_killed":30,"minecraft:time_since_rest":8505,"minecraft:damage_taken":58933,"minecraft:damage_absorbed":1138,"minecraft:trigger_trapped_chest":2,"tombstone:cast_on_ally":0,"minecraft:swim_one_cm":242799,"minecraft:fly_one_cm":2523438,"minecraft:open_chest":83,"minecraft:fall_one_cm":261100},"minecraft:picked_up":{"irons_spellbooks:scroll":6,"minecraft:iron_chestplate":4,"minecraft:anvil":7,"minecraft:smithing_table":1,"minecraft:diamond_sword":1,"soulslikeuniverse:blasphemyfragment":1,"minecraft:potion":1,"minecraft:enchanted_book":3,"soulslikeuniverse:crusader_helmet":1,"tombstone:grave_key":1,"minecraft:golden_sword":1,"minecraft:amethyst_block":1,"minecraft:string":33,"minecraft:raw_copper":14,"create:limestone":1,"minecraft:iron_leggings":4,"minecraft:oak_sign":2,"irons_spellbooks:arcane_essence":14,"soulslikeuniverse:hollowsoul":15,"minecraft:gold_nugget":99,"minecraft:cobbled_deepslate":177,"minecraft:spruce_planks":15,"minecraft:calcite":1,"minecraft:enchanted_golden_apple":1,"minecraft:iron_pickaxe":3,"soulslikeuniverse:oniknight_helmet":1,"irons_spellbooks:inscription_table":1,"minecraft:furnace":1,"minecraft:iron_boots":2,"minecraft:golden_helmet":1,"minecraft:tipped_arrow":2,"minecraft:stick":2,"apotheosis:gem":26,"born_in_chaos_v1:shattered_skull":1,"soulslikeuniverse:spawnmagicwhitephantom":2,"minecraft:torch":22,"minecraft:spruce_stairs":1,"epicfight:skillbook":21,"minecraft:porkchop":4,"fruitsdelight:lemon":13,"tombstone:grave_dust":46,"irons_spellbooks:fire_rune":1,"soulslikeuniverse:greedsword":1,"minecraft:golden_chestplate":1,"soulslikeuniverse:assassin_chestplate":1,"minecraft:stone_sword":2,"artifacts:lucky_scarf":2,"minecraft:rotten_flesh":90,"minecraft:light_gray_bed":1,"soulslikeuniverse:estusflask":108,"soulslikeuniverse:roundshield":1,"supplementaries:antique_ink":1,"minecraft:cyan_terracotta":1,"minecraft:mangrove_roots":1,"supplementaries:quiver":1,"artifacts:panic_necklace":1,"supplementaries:ash":55,"soulslikeuniverse:mace":1,"minecraft:cobblestone":49,"epicfight:stone_spear":1,"minecraft:leather_chestplate":1,"soulslikeuniverse:godricksoldier_chestplate":2,"minecraft:andesite":14,"soulslikeuniverse:siegmeyershield":1,"minecraft:potato":6,"minecraft:flint":7,"minecraft:tuff":16,"supplementaries:flax_seeds":5,"minecraft:magenta_bed":1,"artifacts:flame_pendant":1,"minecraft:dirt":24,"born_in_chaos_v1:monster_skin":9,"minecraft:leather_boots":2,"soulslikeuniverse:solarknight_chestplate":1,"irons_spellbooks:hogskin":4,"minecraft:bone":208,"minecraft:bow":7,"minecraft:wheat_seeds":4,"minecraft:raw_gold":76,"minecraft:mossy_stone_bricks":3,"minecraft:oak_planks":6,"soulslikeuniverse:rustysteel_chestplate":1,"patchouli:guide_book":2,"minecraft:stripped_acacia_wood":6,"minecraft:acacia_stairs":3,"minecraft:trapped_chest":1,"alexsmobs:animal_dictionary":1,"minecraft:bundle":5,"graveyard:upper_bone_staff":1,"minecraft:diamond":29,"minecraft:granite":9,"minecraft:bone_meal":1,"soulslikeuniverse:dagger":1,"minecraft:chainmail_helmet":1,"minecraft:golden_horse_armor":1,"minecraft:emerald":3,"minecraft:oak_sapling":3,"soulslikeuniverse:longsword":3,"born_in_chaos_v1:diamond_termite_shard":6,"minecraft:crafting_table":3,"born_in_chaos_v1:seedof_chaos":1,"minecraft:splash_potion":1,"minecraft:nether_wart":3,"minecraft:ladder":1,"minecraft:clay_ball":4,"minecraft:turtle_helmet":1,"minecraft:leather_leggings":3,"minecraft:shield":1,"soulslikeuniverse:fullmetalknight_chestplate":1,"minecraft:iron_axe":3,"minecraft:flint_and_steel":1,"artifacts:feral_claws":1,"minecraft:item_frame":2,"minecraft:iron_shovel":3,"graveyard:corruption":2,"minecraft:cyan_carpet":1,"supplementaries:bomb":4,"minecraft:cracked_stone_bricks":6,"minecraft:candle":1,"alexsmobs:elastic_tendon":1,"wom:demon_seal":1,"minecraft:iron_nugget":49,"minecraft:poppy":1,"minecraft:spruce_slab":5,"minecraft:light_gray_wool":2,"minecraft:spruce_trapdoor":5,"soulslikeuniverse:solarknight_leggings":1,"minecraft:phantom_membrane":2,"minecraft:egg":1,"minecraft:raw_iron":220,"soulslikeuniverse:soldier_boots":2,"born_in_chaos_v1:pieceofdarkmetal":7,"minecraft:carrot":5,"minecraft:dark_oak_planks":2,"artifacts:snorkel":1,"irons_spellbooks:gold_spell_book":1,"minecraft:stone_shovel":2,"soulslikeuniverse:fullmetalknight_leggings":1,"minecraft:arrow":146,"soulslikeuniverse:oniknight_leggings":1,"soulslikeuniverse:steelguard_helmet":1,"minecraft:diamond_boots":1,"minecraft:glistering_melon_slice":20,"minecraft:totem_of_undying":1,"minecraft:saddle":2,"minecraft:gold_ingot":30,"soulslikeuniverse:repairstone":15,"minecraft:skeleton_skull":16,"born_in_chaos_v1:fused_bone":2,"born_in_chaos_v1:corpse_maggot":28,"minecraft:lime_bed":2,"born_in_chaos_v1:monster_flesh":10,"minecraft:golden_carrot":10,"minecraft:salmon":1,"minecraft:leather":11,"minecraft:oak_log":79,"minecraft:chainmail_chestplate":4,"scalinghealth:bandages":10,"minecraft:gunpowder":9,"scalinghealth:heart_crystal":27,"minecraft:paper":8,"soulslikeuniverse:giantsoul":1,"irons_spellbooks:common_ink":1,"minecraft:red_carpet":9,"minecraft:stone_bricks":8,"alexsmobs:cockroach_wing_fragment":2,"soulslikeuniverse:godricksoldier_helmet":3,"minecraft:iron_ingot":8,"minecraft:stone_pickaxe":2,"minecraft:cooked_chicken":1,"scalinghealth:power_crystal_shard":27,"tombstone:bag_of_seeds":2,"minecraft:smooth_basalt":2,"minecraft:glass_bottle":1,"sophisticatedbackpacks:diamond_backpack":1,"soulslikeuniverse:towerknight_boots":1,"wom:agony":1,"minecraft:book":10,"soulslikeuniverse:sai":1,"scalinghealth:heart_crystal_shard":45,"epicfight:stone_greatsword":2,"minecraft:red_wool":1,"minecraft:dripstone_block":2,"minecraft:gravel":2,"born_in_chaos_v1:fangofthe_hound_leader":1,"minecraft:blast_furnace":1,"minecraft:white_bed":4,"artifacts:scarf_of_invisibility":1,"minecraft:spider_eye":8,"minecraft:leather_helmet":1,"soulslikeuniverse:godricksoldier_boots":1,"soulslikeuniverse:assassin_helmet":1,"create_dd:gabbro":9,"minecraft:purple_bed":3,"minecraft:slime_ball":31,"minecraft:stone_axe":5,"wom:netherite_chains":1,"minecraft:iron_helmet":2,"minecraft:stripped_jungle_wood":12,"soulslikeuniverse:knightsoul":17,"minecraft:lodestone":1,"tombstone:magic_scroll":7,"soulslikeuniverse:steelguard_leggings":1,"minecraft:stripped_dark_oak_log":5,"minecraft:coal":83,"minecraft:ender_pearl":2,"minecraft:wooden_axe":2},"minecraft:dropped":{"minecraft:iron_sword":1,"graveyard:upper_bone_staff":1,"minecraft:dark_oak_stairs":4,"minecraft:porkchop":4,"minecraft:diamond_axe":1,"minecraft:oak_log":109,"minecraft:glass_bottle":2,"minecraft:diamond":6,"soulslikeuniverse:solarknight_leggings":2,"minecraft:crossbow":1,"minecraft:leather":12,"minecraft:red_wool":1,"minecraft:cracked_stone_bricks":2,"minecraft:saddle":2,"born_in_chaos_v1:pieceofdarkmetal":2,"minecraft:item_frame":2,"minecraft:leather_helmet":1,"minecraft:cobblestone_stairs":1,"minecraft:red_carpet":7,"minecraft:flint":7,"soulslikeuniverse:solarknight_chestplate":2,"born_in_chaos_v1:monster_flesh":10,"minecraft:dirt":35,"tombstone:bag_of_seeds":4,"soulslikeuniverse:assassin_chestplate":1,"born_in_chaos_v1:monster_skin":1,"irons_spellbooks:hogskin":2,"irons_spellbooks:arcane_essence":8,"minecraft:pumpkin_pie":2,"minecraft:gold_nugget":50,"irons_spellbooks:gold_spell_book":2,"minecraft:bone_meal":13,"minecraft:amethyst_shard":4,"minecraft:phantom_membrane":3,"minecraft:iron_pickaxe":3,"minecraft:dark_oak_planks":2,"minecraft:birch_log":54,"minecraft:gold_ingot":30,"minecraft:bone":88,"soulslikeuniverse:godricksoldier_boots":1,"minecraft:gravel":2,"minecraft:note_block":5,"wom:agony":1,"minecraft:stone_axe":4,"minecraft:iron_nugget":94,"minecraft:golden_chestplate":1,"minecraft:cobbled_deepslate":72,"alexsmobs:animal_dictionary":3,"minecraft:stripped_jungle_wood":8,"minecraft:stripped_dark_oak_log":2,"minecraft:rotten_flesh":92,"artifacts:villager_hat":1,"minecraft:oak_planks":8,"create_dd:gabbro":4,"soulslikeuniverse:godricksoldier_helmet":3,"soulslikeuniverse:estusflask":2,"soulslikeuniverse:longsword":2,"minecraft:carrot":5,"patchouli:guide_book":5,"supplementaries:antique_ink":1,"minecraft:chainmail_chestplate":4,"minecraft:poppy":1,"minecraft:leather_chestplate":1,"supplementaries:flax_seeds":5,"supplementaries:ash":55,"minecraft:tipped_arrow":2,"minecraft:turtle_helmet":1,"born_in_chaos_v1:seedof_chaos":1,"minecraft:gunpowder":9,"minecraft:leather_boots":2,"artifacts:panic_necklace":1,"create:limestone":1,"born_in_chaos_v1:corpse_maggot":31,"apotheosis:gem":25,"born_in_chaos_v1:diamond_termite_shard":6,"minecraft:ladder":1,"minecraft:leather_leggings":3,"minecraft:spruce_slab":4,"minecraft:arrow":118,"artifacts:scarf_of_invisibility":1,"minecraft:egg":1,"minecraft:water_bucket":1,"minecraft:enchanted_book":7,"minecraft:iron_ingot":43,"wom:netherite_chains":2,"soulslikeuniverse:fullmetalknight_leggings":1,"born_in_chaos_v1:shattered_skull":1,"minecraft:wheat_seeds":6,"minecraft:golden_helmet":1,"minecraft:dripstone_block":2,"minecraft:iron_helmet":1,"scalinghealth:heart_crystal_shard":45,"minecraft:golden_axe":1,"minecraft:cobblestone":103,"minecraft:book":12,"minecraft:amethyst_block":1,"minecraft:granite":9,"epicfight:stone_spear":1,"minecraft:spruce_stairs":1,"minecraft:chainmail_helmet":1,"minecraft:coal":67,"minecraft:golden_apple":4,"minecraft:magenta_bed":1,"minecraft:stick":27,"minecraft:cobweb":6,"irons_spellbooks:scroll":6,"soulslikeuniverse:roundshield":1,"minecraft:torch":20,"tombstone:grave_key":2,"minecraft:wooden_axe":2,"soulslikeuniverse:steelguard_boots":1,"minecraft:fire_charge":7,"tombstone:grave_dust":10,"minecraft:potion":2,"minecraft:iron_leggings":3,"soulslikeuniverse:hollowsoul":2,"epicfight:stone_greatsword":2,"soulslikeuniverse:soldier_boots":1,"minecraft:iron_axe":4,"minecraft:iron_shovel":5,"minecraft:paper":8,"minecraft:trapped_chest":1,"minecraft:string":21,"minecraft:spruce_sapling":6,"minecraft:redstone":7,"alexsmobs:crocodile_scute":1,"minecraft:stone_sword":3,"minecraft:raw_copper":14,"soulslikeuniverse:repairstone":4,"minecraft:tuff":9,"soulslikeuniverse:dagger":3,"supplementaries:bomb":4,"minecraft:raw_iron":170,"minecraft:stone_shovel":2,"irons_spellbooks:graybeard_staff":1,"soulslikeuniverse:greedsword":1,"minecraft:light_gray_wool":2,"minecraft:clay_ball":8,"minecraft:iron_boots":2,"artifacts:flame_pendant":1,"sophisticatedbackpacks:backpack":1,"minecraft:shield":1,"soulslikeuniverse:godricksoldier_chestplate":2,"minecraft:stripped_acacia_wood":2,"scalinghealth:power_crystal_shard":27,"minecraft:oak_sign":2,"supplementaries:quiver":1,"soulslikeuniverse:rustysteel_chestplate":1,"minecraft:diamond_sword":1,"minecraft:flint_and_steel":1,"minecraft:blast_furnace":1,"soulslikeuniverse:mace":1,"minecraft:potato":3,"minecraft:mud_bricks":5,"alexsmobs:cockroach_wing_fragment":2,"minecraft:spruce_trapdoor":5,"minecraft:bundle":3,"minecraft:spruce_planks":9,"minecraft:iron_chestplate":3,"minecraft:andesite":14,"minecraft:mossy_stone_bricks":4,"minecraft:andesite_stairs":2,"minecraft:oak_sapling":9,"minecraft:golden_sword":1,"minecraft:slime_ball":10,"minecraft:spider_eye":7,"minecraft:stone_bricks":3,"minecraft:stone_pickaxe":4,"minecraft:bow":10,"minecraft:wooden_pickaxe":2,"minecraft:raw_gold":38,"minecraft:calcite":1,"scalinghealth:bandages":2,"epicfight:skillbook":3}},"DataVersion":3120}